,channel,clocks_per_click,control,data,denominator,frame_rate,frames,hours,key,minutes,name,notated_32nd_notes_per_beat,note,numerator,program,seconds,sub_frames,tempo,text,time,type,value,velocity,note_midi_value,note_velocity,note_time,note_seconds,tpb,channel_chunk,instrument
0,,,,,,,,,C,,,,,,,,,,,0,key_signature,,,,,0,0.0,480,nan_0.0,
1,,,,,,,,,C,,,,,,,,,,,0,key_signature,,,,,4313345027,4493067.736458333,480,nan_1123266.0,
2,,24.0,,,4.0,,,,,,,8.0,,3.0,,,,,,0,time_signature,,,,,0,0.0,480,nan_0.0,
3,,,,,,24.0,0.0,32.0,,0.0,,,,,,0.0,0.0,,,0,smpte_offset,,,,,4313345027,4493067.736458333,480,nan_1123266.0,
4,,,,,,,,,,,,,,,,,,810811.0,,0,set_tempo,,,,,4313345136,4493067.85,480,nan_1123266.0,
5,,,,,,,,,,,Bolero (Ravel),,,,,,,,,0,track_name,,,,,4313345136,4493067.85,480,nan_1123266.0,
6,,,,,,,,,,,All Channels,,,,,,,,,0,instrument_name,,,,,4313345136,4493067.85,480,nan_1123266.0,
7,,,,,,,,,,,,,,,,,,,Bass,0,text,,,,,4313345136,4493067.85,480,nan_1123266.0,
8,,,,,,,,,,,,,,,,,,,Cello    ,0,text,,,,,4313345136,4493067.85,480,nan_1123266.0,
9,,,,,,,,,,,,,,,,,,,Viola    ,0,text,,,,,4313345136,4493067.85,480,nan_1123266.0,
10,,,,,,,,,,,,,,,,,,,Violin 2 ,0,text,,,,,4313345136,4493067.85,480,nan_1123266.0,
11,,,,,,,,,,,,,,,,,,,Violin 1 ,0,text,,,,,4313345136,4493067.85,480,nan_1123266.0,
12,,,,,,,,,,,,,,,,,,,Perc/Harp,0,text,,,,,4313345136,4493067.85,480,nan_1123266.0,
13,,,,,,,,,,,,,,,,,,,Sax's,0,text,,,,,4313345136,4493067.85,480,nan_1123266.0,
14,,,,,,,,,,,,,,,,,,,Tuba,0,text,,,,,4313345136,4493067.85,480,nan_1123266.0,
15,,,,,,,,,,,,,,,,,,,Trombone,0,text,,,,,4313345136,4493067.85,480,nan_1123266.0,
16,,,,,,,,,,,,,,,,,,,Trumpet,0,text,,,,,4313345136,4493067.85,480,nan_1123266.0,
17,,,,,,,,,,,,,,,,,,,Fr.Horn,0,text,,,,,4313345136,4493067.85,480,nan_1123266.0,
18,,,,,,,,,,,,,,,,,,,Bassoon ,0,text,,,,,4313345136,4493067.85,480,nan_1123266.0,
19,,,,,,,,,,,,,,,,,,,Clarinet,0,text,,,,,4313345136,4493067.85,480,nan_1123266.0,
20,,,,,,,,,,,,,,,,,,,Oboe/EHor,0,text,,,,,4313345136,4493067.85,480,nan_1123266.0,
21,,,,,,,,,,,,,,,,,,,Picc/Flut,0,text,,,,,4313345136,4493067.85,480,nan_1123266.0,
22,,,,,,,,,,,,,,,,,,,(C)1994 Heavenly Music - Programmed by Mark Anthony Williams,0,text,,,,,4313345136,4493067.85,480,nan_1123266.0,
23,,,,"[65, 16, 66, 18, 64, 1, 48, 3, 12]",,,,,,,,,,,,,,,,0,sysex,,,,,4313345136,4493067.85,480,nan_1123266.0,
24,,,,,,,,,,,Bolero (Ravel),,,,,,,,,0,track_name,,,,,4313345136,4493067.85,480,nan_1123266.0,
25,,,,,,,,,,,All Channels,,,,,,,,,0,instrument_name,,,,,4313345136,4493067.85,480,nan_1123266.0,
26,,,,,,,,,,,Bolero (Ravel),,,,,,,,,0,track_name,,,,,4313345136,4493067.85,480,nan_1123266.0,
27,,,,,,,,,,,All Channels,,,,,,,,,0,instrument_name,,,,,4313345136,4493067.85,480,nan_1123266.0,
28,,,,,,,,,,,Bolero (Ravel),,,,,,,,,0,track_name,,,,,4313345136,4493067.85,480,nan_1123266.0,
29,,,,,,,,,,,All Channels,,,,,,,,,0,instrument_name,,,,,4313345136,4493067.85,480,nan_1123266.0,
30,,,,,,,,,,,Bolero (Ravel),,,,,,,,,0,track_name,,,,,4313345136,4493067.85,480,nan_1123266.0,
31,,,,,,,,,,,All Channels,,,,,,,,,0,instrument_name,,,,,4313345136,4493067.85,480,nan_1123266.0,
32,,,,,,,,,,,Bolero (Ravel),,,,,,,,,0,track_name,,,,,4313345136,4493067.85,480,nan_1123266.0,
33,,,,,,,,,,,All Channels,,,,,,,,,0,instrument_name,,,,,4313345136,4493067.85,480,nan_1123266.0,
34,,,,,,,,,,,Bolero (Ravel),,,,,,,,,0,track_name,,,,,4313345136,4493067.85,480,nan_1123266.0,
35,,,,,,,,,,,All Channels,,,,,,,,,0,instrument_name,,,,,4313345136,4493067.85,480,nan_1123266.0,
36,,,,,,,,,,,Bolero (Ravel),,,,,,,,,0,track_name,,,,,4313345136,4493067.85,480,nan_1123266.0,
37,,,,,,,,,,,All Channels,,,,,,,,,0,instrument_name,,,,,4313345136,4493067.85,480,nan_1123266.0,
38,,,,,,,,,,,Bolero (Ravel),,,,,,,,,0,track_name,,,,,4313345136,4493067.85,480,nan_1123266.0,
39,,,,,,,,,,,All Channels,,,,,,,,,0,instrument_name,,,,,4313345136,4493067.85,480,nan_1123266.0,
40,,,,,,,,,,,Bolero (Ravel),,,,,,,,,0,track_name,,,,,4313345136,4493067.85,480,nan_1123266.0,
41,,,,,,,,,,,All Channels,,,,,,,,,0,instrument_name,,,,,4313345136,4493067.85,480,nan_1123266.0,
42,,,,,,,,,,,Bolero (Ravel),,,,,,,,,0,track_name,,,,,4313345136,4493067.85,480,nan_1123266.0,
43,,,,,,,,,,,All Channels,,,,,,,,,0,instrument_name,,,,,4313345136,4493067.85,480,nan_1123266.0,
44,,,,,,,,,,,Bolero (Ravel),,,,,,,,,0,track_name,,,,,4313345136,4493067.85,480,nan_1123266.0,
45,,,,,,,,,,,All Channels,,,,,,,,,0,instrument_name,,,,,4313345136,4493067.85,480,nan_1123266.0,
46,,,,,,,,,,,Bolero (Ravel),,,,,,,,,0,track_name,,,,,4313345136,4493067.85,480,nan_1123266.0,
47,,,,,,,,,,,All Channels,,,,,,,,,0,instrument_name,,,,,4313345136,4493067.85,480,nan_1123266.0,
48,,,,,,,,,,,Bolero (Ravel),,,,,,,,,0,track_name,,,,,4313345136,4493067.85,480,nan_1123266.0,
49,,,,,,,,,,,All Channels,,,,,,,,,0,instrument_name,,,,,4313345136,4493067.85,480,nan_1123266.0,
50,,,,,,,,,,,Bolero (Ravel),,,,,,,,,0,track_name,,,,,4313345136,4493067.85,480,nan_1123266.0,
51,,,,,,,,,,,All Channels,,,,,,,,,0,instrument_name,,,,,4313345136,4493067.85,480,nan_1123266.0,
52,,,,,,,,,,,Bolero (Ravel),,,,,,,,,0,track_name,,,,,4313345136,4493067.85,480,nan_1123266.0,
53,,,,,,,,,,,All Channels,,,,,,,,,0,instrument_name,,,,,4313345136,4493067.85,480,nan_1123266.0,
54,,,,"[65, 16, 66, 18, 64, 1, 16, 3, 1, 1, 1, 0, 2, 2, 2, 1, 1, 0, 2, 2, 2, 2, 2, 23]",,,,,,,,,,,,,,,,25,sysex,,,,,4313345136,4493067.85,480,nan_1123266.0,
55,0.0,,0.0,,,,,,,,,,,,,,,,,455,control_change,0.0,,,,455,0.4739583333333333,480,0.0_0.0,Flute
56,0.0,,32.0,,,,,,,,,,,,,,,,,5,control_change,0.0,,,,460,0.4791666666666667,480,0.0_0.0,Flute
57,0.0,,,,,,,,,,,,,,73.0,,,,,5,program_change,,,,,465,0.484375,480,0.0_0.0,Flute
58,0.0,,7.0,,,,,,,,,,,,,,,,,5,control_change,50.0,,,,470,0.4895833333333333,480,0.0_0.0,Flute
59,0.0,,10.0,,,,,,,,,,,,,,,,,0,control_change,54.0,,,,470,0.4895833333333333,480,0.0_0.0,Flute
60,0.0,,11.0,,,,,,,,,,,,,,,,,1,control_change,127.0,,,,471,0.490625,480,0.0_0.0,Flute
61,0.0,,91.0,,,,,,,,,,,,,,,,,4,control_change,127.0,,,,475,0.4947916666666667,480,0.0_0.0,Flute
62,0.0,,93.0,,,,,,,,,,,,,,,,,0,control_change,50.0,,,,475,0.4947916666666667,480,0.0_0.0,Flute
63,1.0,,0.0,,,,,,,,,,,,,,,,,5,control_change,0.0,,,,5,0.005208333333333333,480,1.0_0.0,Oboe
64,1.0,,32.0,,,,,,,,,,,,,,,,,5,control_change,0.0,,,,10,0.010416666666666666,480,1.0_0.0,Oboe
65,1.0,,,,,,,,,,,,,,68.0,,,,,5,program_change,,,,,15,0.015625,480,1.0_0.0,Oboe
66,1.0,,7.0,,,,,,,,,,,,,,,,,5,control_change,50.0,,,,20,0.020833333333333332,480,1.0_0.0,Oboe
67,1.0,,10.0,,,,,,,,,,,,,,,,,0,control_change,74.0,,,,20,0.020833333333333332,480,1.0_0.0,Oboe
68,1.0,,11.0,,,,,,,,,,,,,,,,,1,control_change,127.0,,,,21,0.021875,480,1.0_0.0,Oboe
69,1.0,,91.0,,,,,,,,,,,,,,,,,4,control_change,127.0,,,,25,0.026041666666666668,480,1.0_0.0,Oboe
70,1.0,,93.0,,,,,,,,,,,,,,,,,0,control_change,50.0,,,,25,0.026041666666666668,480,1.0_0.0,Oboe
71,2.0,,0.0,,,,,,,,,,,,,,,,,5,control_change,0.0,,,,5,0.005208333333333333,480,2.0_0.0,Clarinet
72,2.0,,32.0,,,,,,,,,,,,,,,,,5,control_change,0.0,,,,10,0.010416666666666666,480,2.0_0.0,Clarinet
73,2.0,,,,,,,,,,,,,,71.0,,,,,5,program_change,,,,,15,0.015625,480,2.0_0.0,Clarinet
74,2.0,,7.0,,,,,,,,,,,,,,,,,5,control_change,50.0,,,,20,0.020833333333333332,480,2.0_0.0,Clarinet
75,2.0,,10.0,,,,,,,,,,,,,,,,,0,control_change,34.0,,,,20,0.020833333333333332,480,2.0_0.0,Clarinet
76,2.0,,11.0,,,,,,,,,,,,,,,,,1,control_change,127.0,,,,21,0.021875,480,2.0_0.0,Clarinet
77,2.0,,91.0,,,,,,,,,,,,,,,,,4,control_change,127.0,,,,25,0.026041666666666668,480,2.0_0.0,Clarinet
78,2.0,,93.0,,,,,,,,,,,,,,,,,0,control_change,50.0,,,,25,0.026041666666666668,480,2.0_0.0,Clarinet
79,3.0,,0.0,,,,,,,,,,,,,,,,,5,control_change,0.0,,,,5,0.005208333333333333,480,3.0_0.0,Bassoon
80,3.0,,32.0,,,,,,,,,,,,,,,,,5,control_change,0.0,,,,10,0.010416666666666666,480,3.0_0.0,Bassoon
81,3.0,,,,,,,,,,,,,,70.0,,,,,5,program_change,,,,,15,0.015625,480,3.0_0.0,Bassoon
82,3.0,,7.0,,,,,,,,,,,,,,,,,5,control_change,50.0,,,,20,0.020833333333333332,480,3.0_0.0,Bassoon
83,3.0,,10.0,,,,,,,,,,,,,,,,,0,control_change,94.0,,,,20,0.020833333333333332,480,3.0_0.0,Bassoon
84,3.0,,11.0,,,,,,,,,,,,,,,,,1,control_change,127.0,,,,21,0.021875,480,3.0_0.0,Bassoon
85,3.0,,91.0,,,,,,,,,,,,,,,,,4,control_change,127.0,,,,25,0.026041666666666668,480,3.0_0.0,Bassoon
86,3.0,,93.0,,,,,,,,,,,,,,,,,0,control_change,0.0,,,,25,0.026041666666666668,480,3.0_0.0,Bassoon
87,4.0,,0.0,,,,,,,,,,,,,,,,,5,control_change,0.0,,,,5,0.005208333333333333,480,4.0_0.0,French Horn
88,4.0,,32.0,,,,,,,,,,,,,,,,,5,control_change,0.0,,,,10,0.010416666666666666,480,4.0_0.0,French Horn
89,4.0,,,,,,,,,,,,,,60.0,,,,,5,program_change,,,,,15,0.015625,480,4.0_0.0,French Horn
90,4.0,,7.0,,,,,,,,,,,,,,,,,5,control_change,70.0,,,,20,0.020833333333333332,480,4.0_0.0,French Horn
91,4.0,,10.0,,,,,,,,,,,,,,,,,0,control_change,54.0,,,,20,0.020833333333333332,480,4.0_0.0,French Horn
92,4.0,,11.0,,,,,,,,,,,,,,,,,1,control_change,127.0,,,,21,0.021875,480,4.0_0.0,French Horn
93,4.0,,91.0,,,,,,,,,,,,,,,,,4,control_change,90.0,,,,25,0.026041666666666668,480,4.0_0.0,French Horn
94,4.0,,93.0,,,,,,,,,,,,,,,,,0,control_change,0.0,,,,25,0.026041666666666668,480,4.0_0.0,French Horn
95,5.0,,0.0,,,,,,,,,,,,,,,,,5,control_change,0.0,,,,5,0.005208333333333333,480,5.0_0.0,Muted Trumpet
96,5.0,,32.0,,,,,,,,,,,,,,,,,5,control_change,0.0,,,,10,0.010416666666666666,480,5.0_0.0,Muted Trumpet
97,5.0,,,,,,,,,,,,,,59.0,,,,,5,program_change,,,,,15,0.015625,480,5.0_0.0,Muted Trumpet
98,5.0,,7.0,,,,,,,,,,,,,,,,,5,control_change,70.0,,,,20,0.020833333333333332,480,5.0_0.0,Muted Trumpet
99,5.0,,10.0,,,,,,,,,,,,,,,,,0,control_change,80.0,,,,20,0.020833333333333332,480,5.0_0.0,Muted Trumpet
100,5.0,,11.0,,,,,,,,,,,,,,,,,1,control_change,127.0,,,,21,0.021875,480,5.0_0.0,Muted Trumpet
101,5.0,,91.0,,,,,,,,,,,,,,,,,4,control_change,127.0,,,,25,0.026041666666666668,480,5.0_0.0,Muted Trumpet
102,5.0,,93.0,,,,,,,,,,,,,,,,,0,control_change,50.0,,,,25,0.026041666666666668,480,5.0_0.0,Muted Trumpet
103,6.0,,0.0,,,,,,,,,,,,,,,,,5,control_change,0.0,,,,5,0.005208333333333333,480,6.0_0.0,Trombone
104,6.0,,32.0,,,,,,,,,,,,,,,,,5,control_change,0.0,,,,10,0.010416666666666666,480,6.0_0.0,Trombone
105,6.0,,,,,,,,,,,,,,57.0,,,,,5,program_change,,,,,15,0.015625,480,6.0_0.0,Trombone
106,6.0,,7.0,,,,,,,,,,,,,,,,,5,control_change,100.0,,,,20,0.020833333333333332,480,6.0_0.0,Trombone
107,6.0,,10.0,,,,,,,,,,,,,,,,,0,control_change,100.0,,,,20,0.020833333333333332,480,6.0_0.0,Trombone
108,6.0,,11.0,,,,,,,,,,,,,,,,,1,control_change,127.0,,,,21,0.021875,480,6.0_0.0,Trombone
109,6.0,,91.0,,,,,,,,,,,,,,,,,4,control_change,127.0,,,,25,0.026041666666666668,480,6.0_0.0,Trombone
110,6.0,,93.0,,,,,,,,,,,,,,,,,0,control_change,60.0,,,,25,0.026041666666666668,480,6.0_0.0,Trombone
111,7.0,,0.0,,,,,,,,,,,,,,,,,5,control_change,0.0,,,,5,0.005208333333333333,480,7.0_0.0,Tuba
112,7.0,,32.0,,,,,,,,,,,,,,,,,5,control_change,0.0,,,,10,0.010416666666666666,480,7.0_0.0,Tuba
113,7.0,,,,,,,,,,,,,,58.0,,,,,5,program_change,,,,,15,0.015625,480,7.0_0.0,Tuba
114,7.0,,7.0,,,,,,,,,,,,,,,,,5,control_change,110.0,,,,20,0.020833333333333332,480,7.0_0.0,Tuba
115,7.0,,10.0,,,,,,,,,,,,,,,,,0,control_change,120.0,,,,20,0.020833333333333332,480,7.0_0.0,Tuba
116,7.0,,11.0,,,,,,,,,,,,,,,,,1,control_change,127.0,,,,21,0.021875,480,7.0_0.0,Tuba
117,7.0,,91.0,,,,,,,,,,,,,,,,,4,control_change,127.0,,,,25,0.026041666666666668,480,7.0_0.0,Tuba
118,7.0,,93.0,,,,,,,,,,,,,,,,,0,control_change,0.0,,,,25,0.026041666666666668,480,7.0_0.0,Tuba
119,8.0,,0.0,,,,,,,,,,,,,,,,,5,control_change,0.0,,,,5,0.005208333333333333,480,8.0_0.0,Tenor Sax
120,8.0,,0.0,,,,,,,,,,,,,,,,,5,control_change,0.0,,,,10,0.010416666666666666,480,8.0_0.0,Tenor Sax
121,8.0,,,,,,,,,,,,,,66.0,,,,,5,program_change,,,,,15,0.015625,480,8.0_0.0,Tenor Sax
122,8.0,,7.0,,,,,,,,,,,,,,,,,5,control_change,70.0,,,,20,0.020833333333333332,480,8.0_0.0,Tenor Sax
123,8.0,,10.0,,,,,,,,,,,,,,,,,0,control_change,64.0,,,,20,0.020833333333333332,480,8.0_0.0,Tenor Sax
124,8.0,,11.0,,,,,,,,,,,,,,,,,1,control_change,127.0,,,,21,0.021875,480,8.0_0.0,Tenor Sax
125,8.0,,91.0,,,,,,,,,,,,,,,,,4,control_change,127.0,,,,25,0.026041666666666668,480,8.0_0.0,Tenor Sax
126,8.0,,93.0,,,,,,,,,,,,,,,,,0,control_change,64.0,,,,25,0.026041666666666668,480,8.0_0.0,Tenor Sax
127,9.0,,0.0,,,,,,,,,,,,,,,,,5,control_change,0.0,,,,5,0.005208333333333333,480,9.0_0.0,String Ensemble 1
128,9.0,,32.0,,,,,,,,,,,,,,,,,5,control_change,0.0,,,,10,0.010416666666666666,480,9.0_0.0,String Ensemble 1
129,9.0,,,,,,,,,,,,,,48.0,,,,,5,program_change,,,,,15,0.015625,480,9.0_0.0,String Ensemble 1
130,9.0,,7.0,,,,,,,,,,,,,,,,,5,control_change,110.0,,,,20,0.020833333333333332,480,9.0_0.0,String Ensemble 1
131,9.0,,10.0,,,,,,,,,,,,,,,,,0,control_change,40.0,,,,20,0.020833333333333332,480,9.0_0.0,String Ensemble 1
132,9.0,,11.0,,,,,,,,,,,,,,,,,1,control_change,127.0,,,,21,0.021875,480,9.0_0.0,String Ensemble 1
133,9.0,,91.0,,,,,,,,,,,,,,,,,4,control_change,90.0,,,,25,0.026041666666666668,480,9.0_0.0,String Ensemble 1
134,9.0,,93.0,,,,,,,,,,,,,,,,,0,control_change,80.0,,,,25,0.026041666666666668,480,9.0_0.0,String Ensemble 1
135,10.0,,0.0,,,,,,,,,,,,,,,,,5,control_change,0.0,,,,5,0.005208333333333333,480,10.0_0.0,Orchestral Harp
136,10.0,,32.0,,,,,,,,,,,,,,,,,5,control_change,0.0,,,,10,0.010416666666666666,480,10.0_0.0,Orchestral Harp
137,10.0,,,,,,,,,,,,,,46.0,,,,,5,program_change,,,,,15,0.015625,480,10.0_0.0,Orchestral Harp
138,10.0,,7.0,,,,,,,,,,,,,,,,,5,control_change,20.0,,,,20,0.020833333333333332,480,10.0_0.0,Orchestral Harp
139,10.0,,10.0,,,,,,,,,,,,,,,,,0,control_change,24.0,,,,20,0.020833333333333332,480,10.0_0.0,Orchestral Harp
140,10.0,,11.0,,,,,,,,,,,,,,,,,1,control_change,127.0,,,,21,0.021875,480,10.0_0.0,Orchestral Harp
141,10.0,,91.0,,,,,,,,,,,,,,,,,4,control_change,127.0,,,,25,0.026041666666666668,480,10.0_0.0,Orchestral Harp
142,10.0,,93.0,,,,,,,,,,,,,,,,,0,control_change,0.0,,,,25,0.026041666666666668,480,10.0_0.0,Orchestral Harp
143,11.0,,0.0,,,,,,,,,,,,,,,,,5,control_change,0.0,,,,5,0.005208333333333333,480,11.0_0.0,Pizzicato Strings
144,11.0,,32.0,,,,,,,,,,,,,,,,,5,control_change,0.0,,,,10,0.010416666666666666,480,11.0_0.0,Pizzicato Strings
145,11.0,,,,,,,,,,,,,,45.0,,,,,5,program_change,,,,,15,0.015625,480,11.0_0.0,Pizzicato Strings
146,11.0,,7.0,,,,,,,,,,,,,,,,,5,control_change,50.0,,,,20,0.020833333333333332,480,11.0_0.0,Pizzicato Strings
147,11.0,,10.0,,,,,,,,,,,,,,,,,0,control_change,0.0,,,,20,0.020833333333333332,480,11.0_0.0,Pizzicato Strings
148,11.0,,11.0,,,,,,,,,,,,,,,,,1,control_change,127.0,,,,21,0.021875,480,11.0_0.0,Pizzicato Strings
149,11.0,,91.0,,,,,,,,,,,,,,,,,4,control_change,127.0,,,,25,0.026041666666666668,480,11.0_0.0,Pizzicato Strings
150,11.0,,93.0,,,,,,,,,,,,,,,,,0,control_change,64.0,,,,25,0.026041666666666668,480,11.0_0.0,Pizzicato Strings
151,12.0,,0.0,,,,,,,,,,,,,,,,,5,control_change,0.0,,,,5,0.005208333333333333,480,12.0_0.0,Pizzicato Strings
152,12.0,,32.0,,,,,,,,,,,,,,,,,5,control_change,0.0,,,,10,0.010416666666666666,480,12.0_0.0,Pizzicato Strings
153,12.0,,,,,,,,,,,,,,45.0,,,,,5,program_change,,,,,15,0.015625,480,12.0_0.0,Pizzicato Strings
154,12.0,,7.0,,,,,,,,,,,,,,,,,5,control_change,50.0,,,,20,0.020833333333333332,480,12.0_0.0,Pizzicato Strings
155,12.0,,10.0,,,,,,,,,,,,,,,,,0,control_change,30.0,,,,20,0.020833333333333332,480,12.0_0.0,Pizzicato Strings
156,12.0,,11.0,,,,,,,,,,,,,,,,,1,control_change,127.0,,,,21,0.021875,480,12.0_0.0,Pizzicato Strings
157,12.0,,91.0,,,,,,,,,,,,,,,,,4,control_change,127.0,,,,25,0.026041666666666668,480,12.0_0.0,Pizzicato Strings
158,12.0,,93.0,,,,,,,,,,,,,,,,,0,control_change,64.0,,,,25,0.026041666666666668,480,12.0_0.0,Pizzicato Strings
159,13.0,,0.0,,,,,,,,,,,,,,,,,5,control_change,0.0,,,,5,0.005208333333333333,480,13.0_0.0,Pizzicato Strings
160,13.0,,32.0,,,,,,,,,,,,,,,,,5,control_change,0.0,,,,10,0.010416666666666666,480,13.0_0.0,Pizzicato Strings
161,13.0,,,,,,,,,,,,,,45.0,,,,,5,program_change,,,,,15,0.015625,480,13.0_0.0,Pizzicato Strings
162,13.0,,7.0,,,,,,,,,,,,,,,,,5,control_change,50.0,,,,20,0.020833333333333332,480,13.0_0.0,Pizzicato Strings
163,13.0,,10.0,,,,,,,,,,,,,,,,,0,control_change,64.0,,,,20,0.020833333333333332,480,13.0_0.0,Pizzicato Strings
164,13.0,,11.0,,,,,,,,,,,,,,,,,1,control_change,127.0,,,,21,0.021875,480,13.0_0.0,Pizzicato Strings
165,13.0,,91.0,,,,,,,,,,,,,,,,,4,control_change,127.0,,,,25,0.026041666666666668,480,13.0_0.0,Pizzicato Strings
166,13.0,,93.0,,,,,,,,,,,,,,,,,0,control_change,64.0,,,,25,0.026041666666666668,480,13.0_0.0,Pizzicato Strings
167,14.0,,0.0,,,,,,,,,,,,,,,,,5,control_change,0.0,,,,5,0.005208333333333333,480,14.0_0.0,Pizzicato Strings
168,14.0,,32.0,,,,,,,,,,,,,,,,,5,control_change,0.0,,,,10,0.010416666666666666,480,14.0_0.0,Pizzicato Strings
169,14.0,,,,,,,,,,,,,,45.0,,,,,5,program_change,,,,,15,0.015625,480,14.0_0.0,Pizzicato Strings
170,14.0,,7.0,,,,,,,,,,,,,,,,,5,control_change,50.0,,,,20,0.020833333333333332,480,14.0_0.0,Pizzicato Strings
171,14.0,,10.0,,,,,,,,,,,,,,,,,0,control_change,90.0,,,,20,0.020833333333333332,480,14.0_0.0,Pizzicato Strings
172,14.0,,11.0,,,,,,,,,,,,,,,,,1,control_change,127.0,,,,21,0.021875,480,14.0_0.0,Pizzicato Strings
173,14.0,,91.0,,,,,,,,,,,,,,,,,4,control_change,127.0,,,,25,0.026041666666666668,480,14.0_0.0,Pizzicato Strings
174,14.0,,93.0,,,,,,,,,,,,,,,,,0,control_change,64.0,,,,25,0.026041666666666668,480,14.0_0.0,Pizzicato Strings
175,15.0,,0.0,,,,,,,,,,,,,,,,,5,control_change,0.0,,,,5,0.005208333333333333,480,15.0_0.0,Pizzicato Strings
176,15.0,,32.0,,,,,,,,,,,,,,,,,5,control_change,0.0,,,,10,0.010416666666666666,480,15.0_0.0,Pizzicato Strings
177,15.0,,,,,,,,,,,,,,45.0,,,,,5,program_change,,,,,15,0.015625,480,15.0_0.0,Pizzicato Strings
178,15.0,,7.0,,,,,,,,,,,,,,,,,5,control_change,60.0,,,,20,0.020833333333333332,480,15.0_0.0,Pizzicato Strings
179,15.0,,10.0,,,,,,,,,,,,,,,,,0,control_change,127.0,,,,20,0.020833333333333332,480,15.0_0.0,Pizzicato Strings
180,15.0,,11.0,,,,,,,,,,,,,,,,,1,control_change,127.0,,,,21,0.021875,480,15.0_0.0,Pizzicato Strings
181,15.0,,91.0,,,,,,,,,,,,,,,,,4,control_change,127.0,,,,25,0.026041666666666668,480,15.0_0.0,Pizzicato Strings
182,15.0,,93.0,,,,,,,,,,,,,,,,,0,control_change,64.0,,,,25,0.026041666666666668,480,15.0_0.0,Pizzicato Strings
183,11.0,,99.0,,,,,,,,,,,,,,,,,85,control_change,1.0,,,,110,0.11458333333333333,480,11.0_0.0,Pizzicato Strings
184,11.0,,98.0,,,,,,,,,,,,,,,,,5,control_change,32.0,,,,115,0.11979166666666667,480,11.0_0.0,Pizzicato Strings
185,11.0,,6.0,,,,,,,,,,,,,,,,,5,control_change,61.0,,,,120,0.125,480,11.0_0.0,Pizzicato Strings
186,11.0,,99.0,,,,,,,,,,,,,,,,,5,control_change,1.0,,,,125,0.13020833333333334,480,11.0_0.0,Pizzicato Strings
187,11.0,,98.0,,,,,,,,,,,,,,,,,5,control_change,99.0,,,,130,0.13541666666666666,480,11.0_0.0,Pizzicato Strings
188,11.0,,6.0,,,,,,,,,,,,,,,,,5,control_change,58.0,,,,135,0.140625,480,11.0_0.0,Pizzicato Strings
189,11.0,,99.0,,,,,,,,,,,,,,,,,5,control_change,1.0,,,,140,0.14583333333333334,480,11.0_0.0,Pizzicato Strings
190,11.0,,98.0,,,,,,,,,,,,,,,,,5,control_change,102.0,,,,145,0.15104166666666666,480,11.0_0.0,Pizzicato Strings
191,11.0,,6.0,,,,,,,,,,,,,,,,,5,control_change,62.0,,,,150,0.15625,480,11.0_0.0,Pizzicato Strings
192,12.0,,99.0,,,,,,,,,,,,,,,,,5,control_change,1.0,,,,30,0.03125,480,12.0_0.0,Pizzicato Strings
193,12.0,,98.0,,,,,,,,,,,,,,,,,5,control_change,32.0,,,,35,0.036458333333333336,480,12.0_0.0,Pizzicato Strings
194,12.0,,6.0,,,,,,,,,,,,,,,,,5,control_change,61.0,,,,40,0.041666666666666664,480,12.0_0.0,Pizzicato Strings
195,12.0,,99.0,,,,,,,,,,,,,,,,,5,control_change,1.0,,,,45,0.046875,480,12.0_0.0,Pizzicato Strings
196,12.0,,98.0,,,,,,,,,,,,,,,,,5,control_change,99.0,,,,50,0.052083333333333336,480,12.0_0.0,Pizzicato Strings
197,12.0,,6.0,,,,,,,,,,,,,,,,,5,control_change,58.0,,,,55,0.057291666666666664,480,12.0_0.0,Pizzicato Strings
198,12.0,,99.0,,,,,,,,,,,,,,,,,5,control_change,1.0,,,,60,0.0625,480,12.0_0.0,Pizzicato Strings
199,12.0,,98.0,,,,,,,,,,,,,,,,,5,control_change,102.0,,,,65,0.06770833333333333,480,12.0_0.0,Pizzicato Strings
200,12.0,,6.0,,,,,,,,,,,,,,,,,5,control_change,62.0,,,,70,0.07291666666666667,480,12.0_0.0,Pizzicato Strings
201,13.0,,99.0,,,,,,,,,,,,,,,,,5,control_change,1.0,,,,30,0.03125,480,13.0_0.0,Pizzicato Strings
202,13.0,,98.0,,,,,,,,,,,,,,,,,5,control_change,32.0,,,,35,0.036458333333333336,480,13.0_0.0,Pizzicato Strings
203,13.0,,6.0,,,,,,,,,,,,,,,,,5,control_change,61.0,,,,40,0.041666666666666664,480,13.0_0.0,Pizzicato Strings
204,13.0,,99.0,,,,,,,,,,,,,,,,,5,control_change,1.0,,,,45,0.046875,480,13.0_0.0,Pizzicato Strings
205,13.0,,98.0,,,,,,,,,,,,,,,,,5,control_change,99.0,,,,50,0.052083333333333336,480,13.0_0.0,Pizzicato Strings
206,13.0,,6.0,,,,,,,,,,,,,,,,,5,control_change,58.0,,,,55,0.057291666666666664,480,13.0_0.0,Pizzicato Strings
207,13.0,,99.0,,,,,,,,,,,,,,,,,5,control_change,1.0,,,,60,0.0625,480,13.0_0.0,Pizzicato Strings
208,13.0,,98.0,,,,,,,,,,,,,,,,,5,control_change,102.0,,,,65,0.06770833333333333,480,13.0_0.0,Pizzicato Strings
209,13.0,,6.0,,,,,,,,,,,,,,,,,5,control_change,62.0,,,,70,0.07291666666666667,480,13.0_0.0,Pizzicato Strings
210,14.0,,99.0,,,,,,,,,,,,,,,,,5,control_change,1.0,,,,30,0.03125,480,14.0_0.0,Pizzicato Strings
211,14.0,,98.0,,,,,,,,,,,,,,,,,5,control_change,32.0,,,,35,0.036458333333333336,480,14.0_0.0,Pizzicato Strings
212,14.0,,6.0,,,,,,,,,,,,,,,,,5,control_change,61.0,,,,40,0.041666666666666664,480,14.0_0.0,Pizzicato Strings
213,14.0,,99.0,,,,,,,,,,,,,,,,,5,control_change,1.0,,,,45,0.046875,480,14.0_0.0,Pizzicato Strings
214,14.0,,98.0,,,,,,,,,,,,,,,,,5,control_change,99.0,,,,50,0.052083333333333336,480,14.0_0.0,Pizzicato Strings
215,14.0,,6.0,,,,,,,,,,,,,,,,,5,control_change,58.0,,,,55,0.057291666666666664,480,14.0_0.0,Pizzicato Strings
216,14.0,,99.0,,,,,,,,,,,,,,,,,5,control_change,1.0,,,,60,0.0625,480,14.0_0.0,Pizzicato Strings
217,14.0,,98.0,,,,,,,,,,,,,,,,,5,control_change,102.0,,,,65,0.06770833333333333,480,14.0_0.0,Pizzicato Strings
218,14.0,,6.0,,,,,,,,,,,,,,,,,5,control_change,62.0,,,,70,0.07291666666666667,480,14.0_0.0,Pizzicato Strings
219,15.0,,99.0,,,,,,,,,,,,,,,,,5,control_change,1.0,,,,30,0.03125,480,15.0_0.0,Pizzicato Strings
220,15.0,,98.0,,,,,,,,,,,,,,,,,5,control_change,32.0,,,,35,0.036458333333333336,480,15.0_0.0,Pizzicato Strings
221,15.0,,6.0,,,,,,,,,,,,,,,,,5,control_change,61.0,,,,40,0.041666666666666664,480,15.0_0.0,Pizzicato Strings
222,15.0,,99.0,,,,,,,,,,,,,,,,,5,control_change,1.0,,,,45,0.046875,480,15.0_0.0,Pizzicato Strings
223,15.0,,98.0,,,,,,,,,,,,,,,,,5,control_change,99.0,,,,50,0.052083333333333336,480,15.0_0.0,Pizzicato Strings
224,15.0,,6.0,,,,,,,,,,,,,,,,,5,control_change,58.0,,,,55,0.057291666666666664,480,15.0_0.0,Pizzicato Strings
225,15.0,,99.0,,,,,,,,,,,,,,,,,5,control_change,1.0,,,,60,0.0625,480,15.0_0.0,Pizzicato Strings
226,15.0,,98.0,,,,,,,,,,,,,,,,,5,control_change,102.0,,,,65,0.06770833333333333,480,15.0_0.0,Pizzicato Strings
227,15.0,,6.0,,,,,,,,,,,,,,,,,5,control_change,62.0,,,,70,0.07291666666666667,480,15.0_0.0,Pizzicato Strings
228,13.0,,,,,,,,,,,,55.0,,,,,,,260,note_on,,60.0,55.0,60.0,330,0.34375,480,13.0_0.0,Pizzicato Strings
229,14.0,,,,,,,,,,,,48.0,,,,,,,0,note_on,,60.0,48.0,60.0,70,0.07291666666666667,480,14.0_0.0,Pizzicato Strings
230,9.0,,,,,,,,,,,,40.0,,,,,,,10,note_on,,10.0,40.0,10.0,35,0.036458333333333336,480,9.0_0.0,String Ensemble 1
231,9.0,,,,,,,,,,,,40.0,,,,,,,30,note_off,,10.0,40.0,10.0,65,0.06770833333333333,480,9.0_0.0,String Ensemble 1
232,13.0,,,,,,,,,,,,55.0,,,,,,,160,note_off,,60.0,55.0,60.0,490,0.5104166666666666,480,13.0_0.0,Pizzicato Strings
233,14.0,,,,,,,,,,,,48.0,,,,,,,0,note_off,,60.0,48.0,60.0,70,0.07291666666666667,480,14.0_0.0,Pizzicato Strings
234,9.0,,,,,,,,,,,,40.0,,,,,,,50,note_on,,10.0,40.0,10.0,115,0.11979166666666667,480,9.0_0.0,String Ensemble 1
235,9.0,,,,,,,,,,,,40.0,,,,,,,30,note_off,,10.0,40.0,10.0,145,0.15104166666666666,480,9.0_0.0,String Ensemble 1
236,9.0,,,,,,,,,,,,40.0,,,,,,,50,note_on,,10.0,40.0,10.0,195,0.203125,480,9.0_0.0,String Ensemble 1
237,9.0,,,,,,,,,,,,40.0,,,,,,,30,note_off,,10.0,40.0,10.0,225,0.234375,480,9.0_0.0,String Ensemble 1
238,9.0,,,,,,,,,,,,40.0,,,,,,,50,note_on,,10.0,40.0,10.0,275,0.2864583333333333,480,9.0_0.0,String Ensemble 1
239,9.0,,,,,,,,,,,,40.0,,,,,,,30,note_off,,10.0,40.0,10.0,305,0.3177083333333333,480,9.0_0.0,String Ensemble 1
240,13.0,,,,,,,,,,,,55.0,,,,,,,40,note_on,,60.0,55.0,60.0,530,0.5520833333333334,480,13.0_0.0,Pizzicato Strings
241,13.0,,,,,,,,,,,,67.0,,,,,,,0,note_on,,60.0,67.0,60.0,530,0.5520833333333334,480,13.0_0.0,Pizzicato Strings
242,9.0,,,,,,,,,,,,40.0,,,,,,,10,note_on,,10.0,40.0,10.0,315,0.328125,480,9.0_0.0,String Ensemble 1
243,9.0,,,,,,,,,,,,40.0,,,,,,,30,note_off,,10.0,40.0,10.0,345,0.359375,480,9.0_0.0,String Ensemble 1
244,13.0,,,,,,,,,,,,55.0,,,,,,,160,note_off,,60.0,55.0,60.0,690,0.71875,480,13.0_0.0,Pizzicato Strings
245,13.0,,,,,,,,,,,,67.0,,,,,,,0,note_off,,60.0,67.0,60.0,690,0.71875,480,13.0_0.0,Pizzicato Strings
246,9.0,,,,,,,,,,,,40.0,,,,,,,50,note_on,,10.0,40.0,10.0,395,0.4114583333333333,480,9.0_0.0,String Ensemble 1
247,9.0,,,,,,,,,,,,40.0,,,,,,,30,note_off,,10.0,40.0,10.0,425,0.4427083333333333,480,9.0_0.0,String Ensemble 1
248,9.0,,,,,,,,,,,,40.0,,,,,,,50,note_on,,10.0,40.0,10.0,475,0.4947916666666667,480,9.0_0.0,String Ensemble 1
249,9.0,,,,,,,,,,,,40.0,,,,,,,30,note_off,,10.0,40.0,10.0,505,0.5260416666666666,480,9.0_0.0,String Ensemble 1
250,9.0,,,,,,,,,,,,40.0,,,,,,,50,note_on,,10.0,40.0,10.0,555,0.578125,480,9.0_0.0,String Ensemble 1
251,9.0,,,,,,,,,,,,40.0,,,,,,,30,note_off,,10.0,40.0,10.0,585,0.609375,480,9.0_0.0,String Ensemble 1
252,14.0,,,,,,,,,,,,43.0,,,,,,,40,note_on,,60.0,43.0,60.0,110,0.11458333333333333,480,14.0_0.0,Pizzicato Strings
253,14.0,,,,,,,,,,,,55.0,,,,,,,0,note_on,,60.0,55.0,60.0,110,0.11458333333333333,480,14.0_0.0,Pizzicato Strings
254,9.0,,,,,,,,,,,,40.0,,,,,,,10,note_on,,10.0,40.0,10.0,595,0.6197916666666666,480,9.0_0.0,String Ensemble 1
255,9.0,,,,,,,,,,,,40.0,,,,,,,30,note_off,,10.0,40.0,10.0,625,0.6510416666666666,480,9.0_0.0,String Ensemble 1
256,14.0,,,,,,,,,,,,43.0,,,,,,,160,note_off,,60.0,43.0,60.0,270,0.28125,480,14.0_0.0,Pizzicato Strings
257,14.0,,,,,,,,,,,,55.0,,,,,,,0,note_off,,60.0,55.0,60.0,270,0.28125,480,14.0_0.0,Pizzicato Strings
258,9.0,,,,,,,,,,,,40.0,,,,,,,50,note_on,,10.0,40.0,10.0,675,0.703125,480,9.0_0.0,String Ensemble 1
259,9.0,,,,,,,,,,,,40.0,,,,,,,30,note_off,,10.0,40.0,10.0,705,0.734375,480,9.0_0.0,String Ensemble 1
260,13.0,,,,,,,,,,,,55.0,,,,,,,200,note_on,,60.0,55.0,60.0,890,0.9270833333333334,480,13.0_0.0,Pizzicato Strings
261,14.0,,,,,,,,,,,,48.0,,,,,,,0,note_on,,60.0,48.0,60.0,270,0.28125,480,14.0_0.0,Pizzicato Strings
262,9.0,,,,,,,,,,,,40.0,,,,,,,10,note_on,,10.0,40.0,10.0,715,0.7447916666666666,480,9.0_0.0,String Ensemble 1
263,9.0,,,,,,,,,,,,40.0,,,,,,,30,note_off,,10.0,40.0,10.0,745,0.7760416666666666,480,9.0_0.0,String Ensemble 1
264,13.0,,,,,,,,,,,,55.0,,,,,,,160,note_off,,60.0,55.0,60.0,1050,1.09375,480,13.0_0.0,Pizzicato Strings
265,14.0,,,,,,,,,,,,48.0,,,,,,,0,note_off,,60.0,48.0,60.0,270,0.28125,480,14.0_0.0,Pizzicato Strings
266,9.0,,,,,,,,,,,,40.0,,,,,,,50,note_on,,10.0,40.0,10.0,795,0.828125,480,9.0_0.0,String Ensemble 1
267,9.0,,,,,,,,,,,,40.0,,,,,,,30,note_off,,10.0,40.0,10.0,825,0.859375,480,9.0_0.0,String Ensemble 1
268,9.0,,,,,,,,,,,,40.0,,,,,,,50,note_on,,10.0,40.0,10.0,875,0.9114583333333334,480,9.0_0.0,String Ensemble 1
269,9.0,,,,,,,,,,,,40.0,,,,,,,30,note_off,,10.0,40.0,10.0,905,0.9427083333333334,480,9.0_0.0,String Ensemble 1
270,9.0,,,,,,,,,,,,40.0,,,,,,,50,note_on,,10.0,40.0,10.0,955,0.9947916666666666,480,9.0_0.0,String Ensemble 1
271,9.0,,,,,,,,,,,,40.0,,,,,,,30,note_off,,10.0,40.0,10.0,985,1.0260416666666667,480,9.0_0.0,String Ensemble 1
272,13.0,,,,,,,,,,,,55.0,,,,,,,40,note_on,,60.0,55.0,60.0,1090,1.1354166666666667,480,13.0_0.0,Pizzicato Strings
273,13.0,,,,,,,,,,,,67.0,,,,,,,0,note_on,,60.0,67.0,60.0,1090,1.1354166666666667,480,13.0_0.0,Pizzicato Strings
274,9.0,,,,,,,,,,,,40.0,,,,,,,10,note_on,,10.0,40.0,10.0,995,1.0364583333333333,480,9.0_0.0,String Ensemble 1
275,9.0,,,,,,,,,,,,40.0,,,,,,,30,note_off,,10.0,40.0,10.0,1025,1.0677083333333333,480,9.0_0.0,String Ensemble 1
276,13.0,,,,,,,,,,,,55.0,,,,,,,160,note_off,,60.0,55.0,60.0,1250,1.3020833333333333,480,13.0_0.0,Pizzicato Strings
277,13.0,,,,,,,,,,,,67.0,,,,,,,0,note_off,,60.0,67.0,60.0,1250,1.3020833333333333,480,13.0_0.0,Pizzicato Strings
278,9.0,,,,,,,,,,,,40.0,,,,,,,50,note_on,,10.0,40.0,10.0,1075,1.1197916666666667,480,9.0_0.0,String Ensemble 1
279,9.0,,,,,,,,,,,,40.0,,,,,,,30,note_off,,10.0,40.0,10.0,1105,1.1510416666666667,480,9.0_0.0,String Ensemble 1
280,9.0,,,,,,,,,,,,40.0,,,,,,,50,note_on,,10.0,40.0,10.0,1155,1.203125,480,9.0_0.0,String Ensemble 1
281,9.0,,,,,,,,,,,,40.0,,,,,,,30,note_off,,10.0,40.0,10.0,1185,1.234375,480,9.0_0.0,String Ensemble 1
282,9.0,,,,,,,,,,,,40.0,,,,,,,50,note_on,,10.0,40.0,10.0,1235,1.2864583333333333,480,9.0_0.0,String Ensemble 1
283,9.0,,,,,,,,,,,,40.0,,,,,,,30,note_off,,10.0,40.0,10.0,1265,1.3177083333333333,480,9.0_0.0,String Ensemble 1
284,14.0,,,,,,,,,,,,43.0,,,,,,,40,note_on,,60.0,43.0,60.0,310,0.3229166666666667,480,14.0_0.0,Pizzicato Strings
285,14.0,,,,,,,,,,,,55.0,,,,,,,0,note_on,,60.0,55.0,60.0,310,0.3229166666666667,480,14.0_0.0,Pizzicato Strings
286,9.0,,,,,,,,,,,,40.0,,,,,,,10,note_on,,10.0,40.0,10.0,1275,1.328125,480,9.0_0.0,String Ensemble 1
287,9.0,,,,,,,,,,,,40.0,,,,,,,30,note_off,,10.0,40.0,10.0,1305,1.359375,480,9.0_0.0,String Ensemble 1
288,9.0,,,,,,,,,,,,40.0,,,,,,,50,note_on,,10.0,40.0,10.0,1355,1.4114583333333333,480,9.0_0.0,String Ensemble 1
289,9.0,,,,,,,,,,,,40.0,,,,,,,30,note_off,,10.0,40.0,10.0,1385,1.4427083333333333,480,9.0_0.0,String Ensemble 1
290,9.0,,,,,,,,,,,,40.0,,,,,,,50,note_on,,10.0,40.0,10.0,1435,1.4947916666666667,480,9.0_0.0,String Ensemble 1
291,9.0,,,,,,,,,,,,40.0,,,,,,,30,note_off,,10.0,40.0,10.0,1465,1.5260416666666667,480,9.0_0.0,String Ensemble 1
292,14.0,,,,,,,,,,,,43.0,,,,,,,0,note_off,,60.0,43.0,60.0,310,0.3229166666666667,480,14.0_0.0,Pizzicato Strings
293,14.0,,,,,,,,,,,,55.0,,,,,,,0,note_off,,60.0,55.0,60.0,310,0.3229166666666667,480,14.0_0.0,Pizzicato Strings
294,14.0,,,,,,,,,,,,55.0,,,,,,,40,note_on,,60.0,55.0,60.0,350,0.3645833333333333,480,14.0_0.0,Pizzicato Strings
295,9.0,,,,,,,,,,,,40.0,,,,,,,10,note_on,,10.0,40.0,10.0,1475,1.5364583333333333,480,9.0_0.0,String Ensemble 1
296,9.0,,,,,,,,,,,,40.0,,,,,,,30,note_off,,10.0,40.0,10.0,1505,1.5677083333333333,480,9.0_0.0,String Ensemble 1
297,9.0,,,,,,,,,,,,40.0,,,,,,,50,note_on,,10.0,40.0,10.0,1555,1.6197916666666667,480,9.0_0.0,String Ensemble 1
298,9.0,,,,,,,,,,,,40.0,,,,,,,30,note_off,,10.0,40.0,10.0,1585,1.6510416666666667,480,9.0_0.0,String Ensemble 1
299,9.0,,,,,,,,,,,,40.0,,,,,,,50,note_on,,10.0,40.0,10.0,1635,1.703125,480,9.0_0.0,String Ensemble 1
300,9.0,,,,,,,,,,,,40.0,,,,,,,30,note_off,,10.0,40.0,10.0,1665,1.734375,480,9.0_0.0,String Ensemble 1
301,14.0,,,,,,,,,,,,55.0,,,,,,,0,note_off,,60.0,55.0,60.0,350,0.3645833333333333,480,14.0_0.0,Pizzicato Strings
302,13.0,,,,,,,,,,,,55.0,,,,,,,40,note_on,,60.0,55.0,60.0,1290,1.34375,480,13.0_0.0,Pizzicato Strings
303,14.0,,,,,,,,,,,,48.0,,,,,,,0,note_on,,60.0,48.0,60.0,350,0.3645833333333333,480,14.0_0.0,Pizzicato Strings
304,9.0,,,,,,,,,,,,40.0,,,,,,,10,note_on,,10.0,40.0,10.0,1675,1.7447916666666667,480,9.0_0.0,String Ensemble 1
305,9.0,,,,,,,,,,,,40.0,,,,,,,30,note_off,,10.0,40.0,10.0,1705,1.7760416666666667,480,9.0_0.0,String Ensemble 1
306,13.0,,,,,,,,,,,,55.0,,,,,,,160,note_off,,60.0,55.0,60.0,1450,1.5104166666666667,480,13.0_0.0,Pizzicato Strings
307,14.0,,,,,,,,,,,,48.0,,,,,,,0,note_off,,60.0,48.0,60.0,350,0.3645833333333333,480,14.0_0.0,Pizzicato Strings
308,9.0,,,,,,,,,,,,40.0,,,,,,,50,note_on,,10.0,40.0,10.0,1755,1.828125,480,9.0_0.0,String Ensemble 1
309,9.0,,,,,,,,,,,,40.0,,,,,,,30,note_off,,10.0,40.0,10.0,1785,1.859375,480,9.0_0.0,String Ensemble 1
310,9.0,,,,,,,,,,,,40.0,,,,,,,50,note_on,,10.0,40.0,10.0,1835,1.9114583333333333,480,9.0_0.0,String Ensemble 1
311,9.0,,,,,,,,,,,,40.0,,,,,,,30,note_off,,10.0,40.0,10.0,1865,1.9427083333333333,480,9.0_0.0,String Ensemble 1
312,9.0,,,,,,,,,,,,40.0,,,,,,,50,note_on,,10.0,40.0,10.0,1915,1.9947916666666667,480,9.0_0.0,String Ensemble 1
313,9.0,,,,,,,,,,,,40.0,,,,,,,30,note_off,,10.0,40.0,10.0,1945,2.0260416666666665,480,9.0_0.0,String Ensemble 1
314,13.0,,,,,,,,,,,,55.0,,,,,,,40,note_on,,60.0,55.0,60.0,1490,1.5520833333333333,480,13.0_0.0,Pizzicato Strings
315,13.0,,,,,,,,,,,,67.0,,,,,,,0,note_on,,60.0,67.0,60.0,1490,1.5520833333333333,480,13.0_0.0,Pizzicato Strings
316,9.0,,,,,,,,,,,,40.0,,,,,,,10,note_on,,10.0,40.0,10.0,1955,2.0364583333333335,480,9.0_0.0,String Ensemble 1
317,9.0,,,,,,,,,,,,40.0,,,,,,,30,note_off,,10.0,40.0,10.0,1985,2.0677083333333335,480,9.0_0.0,String Ensemble 1
318,13.0,,,,,,,,,,,,55.0,,,,,,,160,note_off,,60.0,55.0,60.0,1650,1.71875,480,13.0_0.0,Pizzicato Strings
319,13.0,,,,,,,,,,,,67.0,,,,,,,0,note_off,,60.0,67.0,60.0,1650,1.71875,480,13.0_0.0,Pizzicato Strings
320,9.0,,,,,,,,,,,,40.0,,,,,,,50,note_on,,10.0,40.0,10.0,2035,2.1197916666666665,480,9.0_0.0,String Ensemble 1
321,9.0,,,,,,,,,,,,40.0,,,,,,,30,note_off,,10.0,40.0,10.0,2065,2.1510416666666665,480,9.0_0.0,String Ensemble 1
322,9.0,,,,,,,,,,,,40.0,,,,,,,50,note_on,,10.0,40.0,10.0,2115,2.203125,480,9.0_0.0,String Ensemble 1
323,9.0,,,,,,,,,,,,40.0,,,,,,,30,note_off,,10.0,40.0,10.0,2145,2.234375,480,9.0_0.0,String Ensemble 1
324,9.0,,,,,,,,,,,,40.0,,,,,,,50,note_on,,10.0,40.0,10.0,2195,2.2864583333333335,480,9.0_0.0,String Ensemble 1
325,9.0,,,,,,,,,,,,40.0,,,,,,,30,note_off,,10.0,40.0,10.0,2225,2.3177083333333335,480,9.0_0.0,String Ensemble 1
326,14.0,,,,,,,,,,,,43.0,,,,,,,40,note_on,,60.0,43.0,60.0,390,0.40625,480,14.0_0.0,Pizzicato Strings
327,14.0,,,,,,,,,,,,55.0,,,,,,,0,note_on,,60.0,55.0,60.0,390,0.40625,480,14.0_0.0,Pizzicato Strings
328,9.0,,,,,,,,,,,,40.0,,,,,,,10,note_on,,10.0,40.0,10.0,2235,2.328125,480,9.0_0.0,String Ensemble 1
329,9.0,,,,,,,,,,,,40.0,,,,,,,30,note_off,,10.0,40.0,10.0,2265,2.359375,480,9.0_0.0,String Ensemble 1
330,14.0,,,,,,,,,,,,43.0,,,,,,,160,note_off,,60.0,43.0,60.0,550,0.5729166666666666,480,14.0_0.0,Pizzicato Strings
331,14.0,,,,,,,,,,,,55.0,,,,,,,0,note_off,,60.0,55.0,60.0,550,0.5729166666666666,480,14.0_0.0,Pizzicato Strings
332,9.0,,,,,,,,,,,,40.0,,,,,,,50,note_on,,10.0,40.0,10.0,2315,2.4114583333333335,480,9.0_0.0,String Ensemble 1
333,9.0,,,,,,,,,,,,40.0,,,,,,,30,note_off,,10.0,40.0,10.0,2345,2.4427083333333335,480,9.0_0.0,String Ensemble 1
334,13.0,,,,,,,,,,,,55.0,,,,,,,200,note_on,,60.0,55.0,60.0,1850,1.9270833333333333,480,13.0_0.0,Pizzicato Strings
335,14.0,,,,,,,,,,,,48.0,,,,,,,0,note_on,,60.0,48.0,60.0,550,0.5729166666666666,480,14.0_0.0,Pizzicato Strings
336,9.0,,,,,,,,,,,,40.0,,,,,,,10,note_on,,10.0,40.0,10.0,2355,2.453125,480,9.0_0.0,String Ensemble 1
337,9.0,,,,,,,,,,,,40.0,,,,,,,30,note_off,,10.0,40.0,10.0,2385,2.484375,480,9.0_0.0,String Ensemble 1
338,13.0,,,,,,,,,,,,55.0,,,,,,,160,note_off,,60.0,55.0,60.0,2010,2.09375,480,13.0_0.0,Pizzicato Strings
339,14.0,,,,,,,,,,,,48.0,,,,,,,0,note_off,,60.0,48.0,60.0,550,0.5729166666666666,480,14.0_0.0,Pizzicato Strings
340,9.0,,,,,,,,,,,,40.0,,,,,,,50,note_on,,10.0,40.0,10.0,2435,2.5364583333333335,480,9.0_0.0,String Ensemble 1
341,9.0,,,,,,,,,,,,40.0,,,,,,,30,note_off,,10.0,40.0,10.0,2465,2.5677083333333335,480,9.0_0.0,String Ensemble 1
342,9.0,,,,,,,,,,,,40.0,,,,,,,50,note_on,,10.0,40.0,10.0,2515,2.6197916666666665,480,9.0_0.0,String Ensemble 1
343,9.0,,,,,,,,,,,,40.0,,,,,,,30,note_off,,10.0,40.0,10.0,2545,2.6510416666666665,480,9.0_0.0,String Ensemble 1
344,9.0,,,,,,,,,,,,40.0,,,,,,,50,note_on,,10.0,40.0,10.0,2595,2.703125,480,9.0_0.0,String Ensemble 1
345,9.0,,,,,,,,,,,,40.0,,,,,,,30,note_off,,10.0,40.0,10.0,2625,2.734375,480,9.0_0.0,String Ensemble 1
346,13.0,,,,,,,,,,,,55.0,,,,,,,40,note_on,,60.0,55.0,60.0,2050,2.1354166666666665,480,13.0_0.0,Pizzicato Strings
347,13.0,,,,,,,,,,,,67.0,,,,,,,0,note_on,,60.0,67.0,60.0,2050,2.1354166666666665,480,13.0_0.0,Pizzicato Strings
348,9.0,,,,,,,,,,,,40.0,,,,,,,10,note_on,,10.0,40.0,10.0,2635,2.7447916666666665,480,9.0_0.0,String Ensemble 1
349,9.0,,,,,,,,,,,,40.0,,,,,,,30,note_off,,10.0,40.0,10.0,2665,2.7760416666666665,480,9.0_0.0,String Ensemble 1
350,13.0,,,,,,,,,,,,55.0,,,,,,,160,note_off,,60.0,55.0,60.0,2210,2.3020833333333335,480,13.0_0.0,Pizzicato Strings
351,13.0,,,,,,,,,,,,67.0,,,,,,,0,note_off,,60.0,67.0,60.0,2210,2.3020833333333335,480,13.0_0.0,Pizzicato Strings
352,9.0,,,,,,,,,,,,40.0,,,,,,,50,note_on,,10.0,40.0,10.0,2715,2.828125,480,9.0_0.0,String Ensemble 1
353,9.0,,,,,,,,,,,,40.0,,,,,,,30,note_off,,10.0,40.0,10.0,2745,2.859375,480,9.0_0.0,String Ensemble 1
354,9.0,,,,,,,,,,,,40.0,,,,,,,50,note_on,,10.0,40.0,10.0,2795,2.9114583333333335,480,9.0_0.0,String Ensemble 1
355,9.0,,,,,,,,,,,,40.0,,,,,,,30,note_off,,10.0,40.0,10.0,2825,2.9427083333333335,480,9.0_0.0,String Ensemble 1
356,9.0,,,,,,,,,,,,40.0,,,,,,,50,note_on,,10.0,40.0,10.0,2875,2.9947916666666665,480,9.0_0.0,String Ensemble 1
357,9.0,,,,,,,,,,,,40.0,,,,,,,30,note_off,,10.0,40.0,10.0,2905,3.0260416666666665,480,9.0_0.0,String Ensemble 1
358,14.0,,,,,,,,,,,,43.0,,,,,,,40,note_on,,60.0,43.0,60.0,590,0.6145833333333334,480,14.0_0.0,Pizzicato Strings
359,14.0,,,,,,,,,,,,55.0,,,,,,,0,note_on,,60.0,55.0,60.0,590,0.6145833333333334,480,14.0_0.0,Pizzicato Strings
360,9.0,,,,,,,,,,,,40.0,,,,,,,10,note_on,,10.0,40.0,10.0,2915,3.0364583333333335,480,9.0_0.0,String Ensemble 1
361,9.0,,,,,,,,,,,,40.0,,,,,,,30,note_off,,10.0,40.0,10.0,2945,3.0677083333333335,480,9.0_0.0,String Ensemble 1
362,9.0,,,,,,,,,,,,40.0,,,,,,,50,note_on,,10.0,40.0,10.0,2995,3.1197916666666665,480,9.0_0.0,String Ensemble 1
363,9.0,,,,,,,,,,,,40.0,,,,,,,30,note_off,,10.0,40.0,10.0,3025,3.1510416666666665,480,9.0_0.0,String Ensemble 1
364,9.0,,,,,,,,,,,,40.0,,,,,,,50,note_on,,10.0,40.0,10.0,3075,3.203125,480,9.0_0.0,String Ensemble 1
365,9.0,,,,,,,,,,,,40.0,,,,,,,30,note_off,,10.0,40.0,10.0,3105,3.234375,480,9.0_0.0,String Ensemble 1
366,14.0,,,,,,,,,,,,43.0,,,,,,,0,note_off,,60.0,43.0,60.0,590,0.6145833333333334,480,14.0_0.0,Pizzicato Strings
367,14.0,,,,,,,,,,,,55.0,,,,,,,0,note_off,,60.0,55.0,60.0,590,0.6145833333333334,480,14.0_0.0,Pizzicato Strings
368,14.0,,,,,,,,,,,,55.0,,,,,,,40,note_on,,60.0,55.0,60.0,630,0.65625,480,14.0_0.0,Pizzicato Strings
369,9.0,,,,,,,,,,,,40.0,,,,,,,10,note_on,,10.0,40.0,10.0,3115,3.2447916666666665,480,9.0_0.0,String Ensemble 1
370,9.0,,,,,,,,,,,,40.0,,,,,,,30,note_off,,10.0,40.0,10.0,3145,3.2760416666666665,480,9.0_0.0,String Ensemble 1
371,9.0,,,,,,,,,,,,40.0,,,,,,,50,note_on,,10.0,40.0,10.0,3195,3.328125,480,9.0_0.0,String Ensemble 1
372,9.0,,,,,,,,,,,,40.0,,,,,,,30,note_off,,10.0,40.0,10.0,3225,3.359375,480,9.0_0.0,String Ensemble 1
373,9.0,,,,,,,,,,,,40.0,,,,,,,50,note_on,,10.0,40.0,10.0,3275,3.4114583333333335,480,9.0_0.0,String Ensemble 1
374,9.0,,,,,,,,,,,,40.0,,,,,,,30,note_off,,10.0,40.0,10.0,3305,3.4427083333333335,480,9.0_0.0,String Ensemble 1
375,14.0,,,,,,,,,,,,55.0,,,,,,,0,note_off,,60.0,55.0,60.0,630,0.65625,480,14.0_0.0,Pizzicato Strings
376,0.0,,,,,,,,,,,,72.0,,,,,,,40,note_on,,60.0,72.0,60.0,515,0.5364583333333334,480,0.0_0.0,Flute
377,13.0,,,,,,,,,,,,55.0,,,,,,,0,note_on,,60.0,55.0,60.0,2210,2.3020833333333335,480,13.0_0.0,Pizzicato Strings
378,14.0,,,,,,,,,,,,48.0,,,,,,,0,note_on,,60.0,48.0,60.0,630,0.65625,480,14.0_0.0,Pizzicato Strings
379,9.0,,,,,,,,,,,,40.0,,,,,,,10,note_on,,10.0,40.0,10.0,3315,3.453125,480,9.0_0.0,String Ensemble 1
380,9.0,,,,,,,,,,,,40.0,,,,,,,30,note_off,,10.0,40.0,10.0,3345,3.484375,480,9.0_0.0,String Ensemble 1
381,13.0,,,,,,,,,,,,55.0,,,,,,,160,note_off,,60.0,55.0,60.0,2370,2.46875,480,13.0_0.0,Pizzicato Strings
382,14.0,,,,,,,,,,,,48.0,,,,,,,0,note_off,,60.0,48.0,60.0,630,0.65625,480,14.0_0.0,Pizzicato Strings
383,9.0,,,,,,,,,,,,40.0,,,,,,,50,note_on,,10.0,40.0,10.0,3395,3.5364583333333335,480,9.0_0.0,String Ensemble 1
384,9.0,,,,,,,,,,,,40.0,,,,,,,30,note_off,,10.0,40.0,10.0,3425,3.5677083333333335,480,9.0_0.0,String Ensemble 1
385,9.0,,,,,,,,,,,,40.0,,,,,,,50,note_on,,10.0,40.0,10.0,3475,3.6197916666666665,480,9.0_0.0,String Ensemble 1
386,9.0,,,,,,,,,,,,40.0,,,,,,,30,note_off,,10.0,40.0,10.0,3505,3.6510416666666665,480,9.0_0.0,String Ensemble 1
387,9.0,,,,,,,,,,,,40.0,,,,,,,50,note_on,,10.0,40.0,10.0,3555,3.703125,480,9.0_0.0,String Ensemble 1
388,9.0,,,,,,,,,,,,40.0,,,,,,,30,note_off,,10.0,40.0,10.0,3585,3.734375,480,9.0_0.0,String Ensemble 1
389,13.0,,,,,,,,,,,,55.0,,,,,,,40,note_on,,60.0,55.0,60.0,2410,2.5104166666666665,480,13.0_0.0,Pizzicato Strings
390,13.0,,,,,,,,,,,,67.0,,,,,,,0,note_on,,60.0,67.0,60.0,2410,2.5104166666666665,480,13.0_0.0,Pizzicato Strings
391,9.0,,,,,,,,,,,,40.0,,,,,,,10,note_on,,10.0,40.0,10.0,3595,3.7447916666666665,480,9.0_0.0,String Ensemble 1
392,9.0,,,,,,,,,,,,40.0,,,,,,,30,note_off,,10.0,40.0,10.0,3625,3.7760416666666665,480,9.0_0.0,String Ensemble 1
393,13.0,,,,,,,,,,,,55.0,,,,,,,160,note_off,,60.0,55.0,60.0,2570,2.6770833333333335,480,13.0_0.0,Pizzicato Strings
394,13.0,,,,,,,,,,,,67.0,,,,,,,0,note_off,,60.0,67.0,60.0,2570,2.6770833333333335,480,13.0_0.0,Pizzicato Strings
395,0.0,,,,,,,,,,,,72.0,,,,,,,40,note_off,,60.0,72.0,60.0,555,0.578125,480,0.0_0.0,Flute
396,0.0,,,,,,,,,,,,71.0,,,,,,,0,note_on,,60.0,71.0,60.0,555,0.578125,480,0.0_0.0,Flute
397,9.0,,,,,,,,,,,,40.0,,,,,,,10,note_on,,10.0,40.0,10.0,3635,3.7864583333333335,480,9.0_0.0,String Ensemble 1
398,9.0,,,,,,,,,,,,40.0,,,,,,,30,note_off,,10.0,40.0,10.0,3665,3.8177083333333335,480,9.0_0.0,String Ensemble 1
399,9.0,,,,,,,,,,,,40.0,,,,,,,50,note_on,,10.0,40.0,10.0,3715,3.8697916666666665,480,9.0_0.0,String Ensemble 1
400,0.0,,,,,,,,,,,,71.0,,,,,,,30,note_off,,60.0,71.0,60.0,585,0.609375,480,0.0_0.0,Flute
401,0.0,,,,,,,,,,,,72.0,,,,,,,0,note_on,,60.0,72.0,60.0,585,0.609375,480,0.0_0.0,Flute
402,9.0,,,,,,,,,,,,40.0,,,,,,,0,note_off,,10.0,40.0,10.0,3715,3.8697916666666665,480,9.0_0.0,String Ensemble 1
403,9.0,,,,,,,,,,,,40.0,,,,,,,50,note_on,,10.0,40.0,10.0,3765,3.921875,480,9.0_0.0,String Ensemble 1
404,9.0,,,,,,,,,,,,40.0,,,,,,,30,note_off,,10.0,40.0,10.0,3795,3.953125,480,9.0_0.0,String Ensemble 1
405,0.0,,,,,,,,,,,,72.0,,,,,,,40,note_off,,60.0,72.0,60.0,625,0.6510416666666666,480,0.0_0.0,Flute
406,0.0,,,,,,,,,,,,74.0,,,,,,,0,note_on,,60.0,74.0,60.0,625,0.6510416666666666,480,0.0_0.0,Flute
407,14.0,,,,,,,,,,,,43.0,,,,,,,0,note_on,,60.0,43.0,60.0,630,0.65625,480,14.0_0.0,Pizzicato Strings
408,14.0,,,,,,,,,,,,55.0,,,,,,,0,note_on,,60.0,55.0,60.0,630,0.65625,480,14.0_0.0,Pizzicato Strings
409,9.0,,,,,,,,,,,,40.0,,,,,,,10,note_on,,10.0,40.0,10.0,3805,3.9635416666666665,480,9.0_0.0,String Ensemble 1
410,9.0,,,,,,,,,,,,40.0,,,,,,,30,note_off,,10.0,40.0,10.0,3835,3.9947916666666665,480,9.0_0.0,String Ensemble 1
411,0.0,,,,,,,,,,,,74.0,,,,,,,80,note_off,,60.0,74.0,60.0,705,0.734375,480,0.0_0.0,Flute
412,0.0,,,,,,,,,,,,72.0,,,,,,,0,note_on,,60.0,72.0,60.0,705,0.734375,480,0.0_0.0,Flute
413,14.0,,,,,,,,,,,,43.0,,,,,,,80,note_off,,60.0,43.0,60.0,710,0.7395833333333334,480,14.0_0.0,Pizzicato Strings
414,14.0,,,,,,,,,,,,55.0,,,,,,,0,note_off,,60.0,55.0,60.0,710,0.7395833333333334,480,14.0_0.0,Pizzicato Strings
415,0.0,,,,,,,,,,,,72.0,,,,,,,40,note_off,,60.0,72.0,60.0,745,0.7760416666666666,480,0.0_0.0,Flute
416,0.0,,,,,,,,,,,,71.0,,,,,,,0,note_on,,60.0,71.0,60.0,745,0.7760416666666666,480,0.0_0.0,Flute
417,9.0,,,,,,,,,,,,40.0,,,,,,,10,note_on,,10.0,40.0,10.0,3845,4.005208333333333,480,9.0_1.0,String Ensemble 1
418,9.0,,,,,,,,,,,,40.0,,,,,,,30,note_off,,10.0,40.0,10.0,3875,4.036458333333333,480,9.0_1.0,String Ensemble 1
419,0.0,,,,,,,,,,,,71.0,,,,,,,80,note_off,,60.0,71.0,60.0,825,0.859375,480,0.0_0.0,Flute
420,0.0,,,,,,,,,,,,69.0,,,,,,,0,note_on,,60.0,69.0,60.0,825,0.859375,480,0.0_0.0,Flute
421,0.0,,,,,,,,,,,,69.0,,,,,,,120,note_off,,60.0,69.0,60.0,945,0.984375,480,0.0_0.0,Flute
422,0.0,,,,,,,,,,,,72.0,,,,,,,0,note_on,,60.0,72.0,60.0,945,0.984375,480,0.0_0.0,Flute
423,13.0,,,,,,,,,,,,55.0,,,,,,,0,note_on,,60.0,55.0,60.0,2570,2.6770833333333335,480,13.0_0.0,Pizzicato Strings
424,14.0,,,,,,,,,,,,48.0,,,,,,,0,note_on,,60.0,48.0,60.0,710,0.7395833333333334,480,14.0_0.0,Pizzicato Strings
425,9.0,,,,,,,,,,,,40.0,,,,,,,10,note_on,,10.0,40.0,10.0,3885,4.046875,480,9.0_1.0,String Ensemble 1
426,9.0,,,,,,,,,,,,40.0,,,,,,,30,note_off,,10.0,40.0,10.0,3915,4.078125,480,9.0_1.0,String Ensemble 1
427,0.0,,,,,,,,,,,,72.0,,,,,,,160,note_off,,60.0,72.0,60.0,1105,1.1510416666666667,480,0.0_0.0,Flute
428,13.0,,,,,,,,,,,,55.0,,,,,,,0,note_off,,60.0,55.0,60.0,2570,2.6770833333333335,480,13.0_0.0,Pizzicato Strings
429,14.0,,,,,,,,,,,,48.0,,,,,,,0,note_off,,60.0,48.0,60.0,710,0.7395833333333334,480,14.0_0.0,Pizzicato Strings
430,0.0,,,,,,,,,,,,72.0,,,,,,,40,note_on,,60.0,72.0,60.0,1145,1.1927083333333333,480,0.0_0.0,Flute
431,9.0,,,,,,,,,,,,40.0,,,,,,,10,note_on,,10.0,40.0,10.0,3925,4.088541666666667,480,9.0_1.0,String Ensemble 1
432,9.0,,,,,,,,,,,,40.0,,,,,,,30,note_off,,10.0,40.0,10.0,3955,4.119791666666667,480,9.0_1.0,String Ensemble 1
433,9.0,,,,,,,,,,,,40.0,,,,,,,50,note_on,,10.0,40.0,10.0,4005,4.171875,480,9.0_1.0,String Ensemble 1
434,0.0,,,,,,,,,,,,72.0,,,,,,,30,note_off,,60.0,72.0,60.0,1175,1.2239583333333333,480,0.0_0.0,Flute
435,0.0,,,,,,,,,,,,69.0,,,,,,,0,note_on,,60.0,69.0,60.0,1175,1.2239583333333333,480,0.0_0.0,Flute
436,9.0,,,,,,,,,,,,40.0,,,,,,,0,note_off,,10.0,40.0,10.0,4005,4.171875,480,9.0_1.0,String Ensemble 1
437,9.0,,,,,,,,,,,,40.0,,,,,,,50,note_on,,10.0,40.0,10.0,4055,4.223958333333333,480,9.0_1.0,String Ensemble 1
438,9.0,,,,,,,,,,,,40.0,,,,,,,30,note_off,,10.0,40.0,10.0,4085,4.255208333333333,480,9.0_1.0,String Ensemble 1
439,0.0,,,,,,,,,,,,69.0,,,,,,,40,note_off,,60.0,69.0,60.0,1215,1.265625,480,0.0_0.0,Flute
440,0.0,,,,,,,,,,,,72.0,,,,,,,0,note_on,,60.0,72.0,60.0,1215,1.265625,480,0.0_0.0,Flute
441,13.0,,,,,,,,,,,,55.0,,,,,,,0,note_on,,60.0,55.0,60.0,2570,2.6770833333333335,480,13.0_0.0,Pizzicato Strings
442,13.0,,,,,,,,,,,,67.0,,,,,,,0,note_on,,60.0,67.0,60.0,2570,2.6770833333333335,480,13.0_0.0,Pizzicato Strings
443,9.0,,,,,,,,,,,,40.0,,,,,,,10,note_on,,10.0,40.0,10.0,4095,4.265625,480,9.0_1.0,String Ensemble 1
444,9.0,,,,,,,,,,,,40.0,,,,,,,30,note_off,,10.0,40.0,10.0,4125,4.296875,480,9.0_1.0,String Ensemble 1
445,13.0,,,,,,,,,,,,55.0,,,,,,,160,note_off,,60.0,55.0,60.0,2730,2.84375,480,13.0_0.0,Pizzicato Strings
446,13.0,,,,,,,,,,,,67.0,,,,,,,0,note_off,,60.0,67.0,60.0,2730,2.84375,480,13.0_0.0,Pizzicato Strings
447,9.0,,,,,,,,,,,,40.0,,,,,,,50,note_on,,10.0,40.0,10.0,4175,4.348958333333333,480,9.0_1.0,String Ensemble 1
448,9.0,,,,,,,,,,,,40.0,,,,,,,30,note_off,,10.0,40.0,10.0,4205,4.380208333333333,480,9.0_1.0,String Ensemble 1
449,9.0,,,,,,,,,,,,40.0,,,,,,,50,note_on,,10.0,40.0,10.0,4255,4.432291666666667,480,9.0_1.0,String Ensemble 1
450,9.0,,,,,,,,,,,,40.0,,,,,,,30,note_off,,10.0,40.0,10.0,4285,4.463541666666667,480,9.0_1.0,String Ensemble 1
451,9.0,,,,,,,,,,,,40.0,,,,,,,50,note_on,,10.0,40.0,10.0,4335,4.515625,480,9.0_1.0,String Ensemble 1
452,9.0,,,,,,,,,,,,40.0,,,,,,,30,note_off,,10.0,40.0,10.0,4365,4.546875,480,9.0_1.0,String Ensemble 1
453,14.0,,,,,,,,,,,,43.0,,,,,,,40,note_on,,60.0,43.0,60.0,750,0.78125,480,14.0_0.0,Pizzicato Strings
454,14.0,,,,,,,,,,,,55.0,,,,,,,0,note_on,,60.0,55.0,60.0,750,0.78125,480,14.0_0.0,Pizzicato Strings
455,9.0,,,,,,,,,,,,40.0,,,,,,,10,note_on,,10.0,40.0,10.0,4375,4.557291666666667,480,9.0_1.0,String Ensemble 1
456,9.0,,,,,,,,,,,,40.0,,,,,,,30,note_off,,10.0,40.0,10.0,4405,4.588541666666667,480,9.0_1.0,String Ensemble 1
457,9.0,,,,,,,,,,,,40.0,,,,,,,50,note_on,,10.0,40.0,10.0,4455,4.640625,480,9.0_1.0,String Ensemble 1
458,9.0,,,,,,,,,,,,40.0,,,,,,,30,note_off,,10.0,40.0,10.0,4485,4.671875,480,9.0_1.0,String Ensemble 1
459,9.0,,,,,,,,,,,,40.0,,,,,,,50,note_on,,10.0,40.0,10.0,4535,4.723958333333333,480,9.0_1.0,String Ensemble 1
460,9.0,,,,,,,,,,,,40.0,,,,,,,30,note_off,,10.0,40.0,10.0,4565,4.755208333333333,480,9.0_1.0,String Ensemble 1
461,14.0,,,,,,,,,,,,43.0,,,,,,,0,note_off,,60.0,43.0,60.0,750,0.78125,480,14.0_0.0,Pizzicato Strings
462,14.0,,,,,,,,,,,,55.0,,,,,,,0,note_off,,60.0,55.0,60.0,750,0.78125,480,14.0_0.0,Pizzicato Strings
463,0.0,,,,,,,,,,,,72.0,,,,,,,20,note_off,,60.0,72.0,60.0,1235,1.2864583333333333,480,0.0_0.0,Flute
464,0.0,,,,,,,,,,,,71.0,,,,,,,20,note_on,,60.0,71.0,60.0,1255,1.3072916666666667,480,0.0_0.0,Flute
465,14.0,,,,,,,,,,,,55.0,,,,,,,0,note_on,,60.0,55.0,60.0,750,0.78125,480,14.0_0.0,Pizzicato Strings
466,9.0,,,,,,,,,,,,40.0,,,,,,,10,note_on,,10.0,40.0,10.0,4575,4.765625,480,9.0_1.0,String Ensemble 1
467,9.0,,,,,,,,,,,,40.0,,,,,,,30,note_off,,10.0,40.0,10.0,4605,4.796875,480,9.0_1.0,String Ensemble 1
468,9.0,,,,,,,,,,,,40.0,,,,,,,50,note_on,,10.0,40.0,10.0,4655,4.848958333333333,480,9.0_1.0,String Ensemble 1
469,0.0,,,,,,,,,,,,71.0,,,,,,,30,note_off,,60.0,71.0,60.0,1285,1.3385416666666667,480,0.0_0.0,Flute
470,0.0,,,,,,,,,,,,72.0,,,,,,,0,note_on,,60.0,72.0,60.0,1285,1.3385416666666667,480,0.0_0.0,Flute
471,9.0,,,,,,,,,,,,40.0,,,,,,,0,note_off,,10.0,40.0,10.0,4655,4.848958333333333,480,9.0_1.0,String Ensemble 1
472,9.0,,,,,,,,,,,,40.0,,,,,,,50,note_on,,10.0,40.0,10.0,4705,4.901041666666667,480,9.0_1.0,String Ensemble 1
473,9.0,,,,,,,,,,,,40.0,,,,,,,30,note_off,,10.0,40.0,10.0,4735,4.932291666666667,480,9.0_1.0,String Ensemble 1
474,14.0,,,,,,,,,,,,55.0,,,,,,,0,note_off,,60.0,55.0,60.0,750,0.78125,480,14.0_0.0,Pizzicato Strings
475,0.0,,,,,,,,,,,,72.0,,,,,,,40,note_off,,60.0,72.0,60.0,1325,1.3802083333333333,480,0.0_0.0,Flute
476,0.0,,,,,,,,,,,,69.0,,,,,,,0,note_on,,60.0,69.0,60.0,1325,1.3802083333333333,480,0.0_0.0,Flute
477,13.0,,,,,,,,,,,,55.0,,,,,,,0,note_on,,60.0,55.0,60.0,2730,2.84375,480,13.0_0.0,Pizzicato Strings
478,14.0,,,,,,,,,,,,48.0,,,,,,,0,note_on,,60.0,48.0,60.0,750,0.78125,480,14.0_0.0,Pizzicato Strings
479,9.0,,,,,,,,,,,,40.0,,,,,,,10,note_on,,10.0,40.0,10.0,4745,4.942708333333333,480,9.0_1.0,String Ensemble 1
480,9.0,,,,,,,,,,,,40.0,,,,,,,30,note_off,,10.0,40.0,10.0,4775,4.973958333333333,480,9.0_1.0,String Ensemble 1
481,0.0,,,,,,,,,,,,69.0,,,,,,,80,note_off,,60.0,69.0,60.0,1405,1.4635416666666667,480,0.0_0.0,Flute
482,0.0,,,,,,,,,,,,67.0,,,,,,,0,note_on,,60.0,67.0,60.0,1405,1.4635416666666667,480,0.0_0.0,Flute
483,13.0,,,,,,,,,,,,55.0,,,,,,,80,note_off,,60.0,55.0,60.0,2810,2.9270833333333335,480,13.0_0.0,Pizzicato Strings
484,14.0,,,,,,,,,,,,48.0,,,,,,,0,note_off,,60.0,48.0,60.0,750,0.78125,480,14.0_0.0,Pizzicato Strings
485,0.0,,,,,,,,,,,,67.0,,,,,,,40,note_off,,60.0,67.0,60.0,1445,1.5052083333333333,480,0.0_0.0,Flute
486,0.0,,,,,,,,,,,,64.0,,,,,,,0,note_on,,60.0,64.0,60.0,1445,1.5052083333333333,480,0.0_0.0,Flute
487,9.0,,,,,,,,,,,,40.0,,,,,,,10,note_on,,10.0,40.0,10.0,4785,4.984375,480,9.0_1.0,String Ensemble 1
488,9.0,,,,,,,,,,,,40.0,,,,,,,30,note_off,,10.0,40.0,10.0,4815,5.015625,480,9.0_1.0,String Ensemble 1
489,9.0,,,,,,,,,,,,40.0,,,,,,,50,note_on,,10.0,40.0,10.0,4865,5.067708333333333,480,9.0_1.0,String Ensemble 1
490,0.0,,,,,,,,,,,,64.0,,,,,,,30,note_off,,60.0,64.0,60.0,1475,1.5364583333333333,480,0.0_0.0,Flute
491,0.0,,,,,,,,,,,,65.0,,,,,,,0,note_on,,60.0,65.0,60.0,1475,1.5364583333333333,480,0.0_0.0,Flute
492,9.0,,,,,,,,,,,,40.0,,,,,,,0,note_off,,10.0,40.0,10.0,4865,5.067708333333333,480,9.0_1.0,String Ensemble 1
493,9.0,,,,,,,,,,,,40.0,,,,,,,50,note_on,,10.0,40.0,10.0,4915,5.119791666666667,480,9.0_1.0,String Ensemble 1
494,9.0,,,,,,,,,,,,40.0,,,,,,,30,note_off,,10.0,40.0,10.0,4945,5.151041666666667,480,9.0_1.0,String Ensemble 1
495,0.0,,,,,,,,,,,,65.0,,,,,,,40,note_off,,60.0,65.0,60.0,1515,1.578125,480,0.0_0.0,Flute
496,0.0,,,,,,,,,,,,67.0,,,,,,,0,note_on,,60.0,67.0,60.0,1515,1.578125,480,0.0_0.0,Flute
497,13.0,,,,,,,,,,,,55.0,,,,,,,0,note_on,,60.0,55.0,60.0,2810,2.9270833333333335,480,13.0_0.0,Pizzicato Strings
498,13.0,,,,,,,,,,,,67.0,,,,,,,0,note_on,,60.0,67.0,60.0,2810,2.9270833333333335,480,13.0_0.0,Pizzicato Strings
499,9.0,,,,,,,,,,,,40.0,,,,,,,10,note_on,,10.0,40.0,10.0,4955,5.161458333333333,480,9.0_1.0,String Ensemble 1
500,9.0,,,,,,,,,,,,40.0,,,,,,,30,note_off,,10.0,40.0,10.0,4985,5.192708333333333,480,9.0_1.0,String Ensemble 1
501,13.0,,,,,,,,,,,,55.0,,,,,,,160,note_off,,60.0,55.0,60.0,2970,3.09375,480,13.0_0.0,Pizzicato Strings
502,13.0,,,,,,,,,,,,67.0,,,,,,,0,note_off,,60.0,67.0,60.0,2970,3.09375,480,13.0_0.0,Pizzicato Strings
503,9.0,,,,,,,,,,,,40.0,,,,,,,50,note_on,,10.0,40.0,10.0,5035,5.244791666666667,480,9.0_1.0,String Ensemble 1
504,9.0,,,,,,,,,,,,40.0,,,,,,,30,note_off,,10.0,40.0,10.0,5065,5.276041666666667,480,9.0_1.0,String Ensemble 1
505,9.0,,,,,,,,,,,,40.0,,,,,,,50,note_on,,10.0,40.0,10.0,5115,5.328125,480,9.0_1.0,String Ensemble 1
506,9.0,,,,,,,,,,,,40.0,,,,,,,30,note_off,,10.0,40.0,10.0,5145,5.359375,480,9.0_1.0,String Ensemble 1
507,9.0,,,,,,,,,,,,40.0,,,,,,,50,note_on,,10.0,40.0,10.0,5195,5.411458333333333,480,9.0_1.0,String Ensemble 1
508,9.0,,,,,,,,,,,,40.0,,,,,,,30,note_off,,10.0,40.0,10.0,5225,5.442708333333333,480,9.0_1.0,String Ensemble 1
509,14.0,,,,,,,,,,,,43.0,,,,,,,40,note_on,,60.0,43.0,60.0,790,0.8229166666666666,480,14.0_0.0,Pizzicato Strings
510,14.0,,,,,,,,,,,,55.0,,,,,,,0,note_on,,60.0,55.0,60.0,790,0.8229166666666666,480,14.0_0.0,Pizzicato Strings
511,9.0,,,,,,,,,,,,40.0,,,,,,,10,note_on,,10.0,40.0,10.0,5235,5.453125,480,9.0_1.0,String Ensemble 1
512,9.0,,,,,,,,,,,,40.0,,,,,,,30,note_off,,10.0,40.0,10.0,5265,5.484375,480,9.0_1.0,String Ensemble 1
513,14.0,,,,,,,,,,,,43.0,,,,,,,160,note_off,,60.0,43.0,60.0,950,0.9895833333333334,480,14.0_0.0,Pizzicato Strings
514,14.0,,,,,,,,,,,,55.0,,,,,,,0,note_off,,60.0,55.0,60.0,950,0.9895833333333334,480,14.0_0.0,Pizzicato Strings
515,9.0,,,,,,,,,,,,40.0,,,,,,,50,note_on,,10.0,40.0,10.0,5315,5.536458333333333,480,9.0_1.0,String Ensemble 1
516,9.0,,,,,,,,,,,,40.0,,,,,,,30,note_off,,10.0,40.0,10.0,5345,5.567708333333333,480,9.0_1.0,String Ensemble 1
517,13.0,,,,,,,,,,,,55.0,,,,,,,200,note_on,,60.0,55.0,60.0,3170,3.3020833333333335,480,13.0_0.0,Pizzicato Strings
518,14.0,,,,,,,,,,,,48.0,,,,,,,0,note_on,,60.0,48.0,60.0,950,0.9895833333333334,480,14.0_0.0,Pizzicato Strings
519,9.0,,,,,,,,,,,,40.0,,,,,,,10,note_on,,10.0,40.0,10.0,5355,5.578125,480,9.0_1.0,String Ensemble 1
520,9.0,,,,,,,,,,,,40.0,,,,,,,30,note_off,,10.0,40.0,10.0,5385,5.609375,480,9.0_1.0,String Ensemble 1
521,0.0,,,,,,,,,,,,67.0,,,,,,,65,note_off,,60.0,67.0,60.0,1580,1.6458333333333333,480,0.0_0.0,Flute
522,0.0,,,,,,,,,,,,65.0,,,,,,,15,note_on,,60.0,65.0,60.0,1595,1.6614583333333333,480,0.0_0.0,Flute
523,13.0,,,,,,,,,,,,55.0,,,,,,,80,note_off,,60.0,55.0,60.0,3250,3.3854166666666665,480,13.0_0.0,Pizzicato Strings
524,14.0,,,,,,,,,,,,48.0,,,,,,,0,note_off,,60.0,48.0,60.0,950,0.9895833333333334,480,14.0_0.0,Pizzicato Strings
525,0.0,,,,,,,,,,,,65.0,,,,,,,40,note_off,,60.0,65.0,60.0,1635,1.703125,480,0.0_0.0,Flute
526,0.0,,,,,,,,,,,,64.0,,,,,,,0,note_on,,60.0,64.0,60.0,1635,1.703125,480,0.0_0.0,Flute
527,9.0,,,,,,,,,,,,40.0,,,,,,,10,note_on,,10.0,40.0,10.0,5395,5.619791666666667,480,9.0_1.0,String Ensemble 1
528,9.0,,,,,,,,,,,,40.0,,,,,,,30,note_off,,10.0,40.0,10.0,5425,5.651041666666667,480,9.0_1.0,String Ensemble 1
529,9.0,,,,,,,,,,,,40.0,,,,,,,50,note_on,,10.0,40.0,10.0,5475,5.703125,480,9.0_1.0,String Ensemble 1
530,0.0,,,,,,,,,,,,64.0,,,,,,,30,note_off,,60.0,64.0,60.0,1665,1.734375,480,0.0_0.0,Flute
531,0.0,,,,,,,,,,,,62.0,,,,,,,0,note_on,,60.0,62.0,60.0,1665,1.734375,480,0.0_0.0,Flute
532,9.0,,,,,,,,,,,,40.0,,,,,,,0,note_off,,10.0,40.0,10.0,5475,5.703125,480,9.0_1.0,String Ensemble 1
533,9.0,,,,,,,,,,,,40.0,,,,,,,50,note_on,,10.0,40.0,10.0,5525,5.755208333333333,480,9.0_1.0,String Ensemble 1
534,9.0,,,,,,,,,,,,40.0,,,,,,,30,note_off,,10.0,40.0,10.0,5555,5.786458333333333,480,9.0_1.0,String Ensemble 1
535,0.0,,,,,,,,,,,,62.0,,,,,,,40,note_off,,60.0,62.0,60.0,1705,1.7760416666666667,480,0.0_0.0,Flute
536,0.0,,,,,,,,,,,,64.0,,,,,,,0,note_on,,60.0,64.0,60.0,1705,1.7760416666666667,480,0.0_0.0,Flute
537,13.0,,,,,,,,,,,,55.0,,,,,,,0,note_on,,60.0,55.0,60.0,3250,3.3854166666666665,480,13.0_0.0,Pizzicato Strings
538,13.0,,,,,,,,,,,,67.0,,,,,,,0,note_on,,60.0,67.0,60.0,3250,3.3854166666666665,480,13.0_0.0,Pizzicato Strings
539,9.0,,,,,,,,,,,,40.0,,,,,,,10,note_on,,10.0,40.0,10.0,5565,5.796875,480,9.0_1.0,String Ensemble 1
540,9.0,,,,,,,,,,,,40.0,,,,,,,30,note_off,,10.0,40.0,10.0,5595,5.828125,480,9.0_1.0,String Ensemble 1
541,0.0,,,,,,,,,,,,64.0,,,,,,,80,note_off,,60.0,64.0,60.0,1785,1.859375,480,0.0_0.0,Flute
542,0.0,,,,,,,,,,,,65.0,,,,,,,0,note_on,,60.0,65.0,60.0,1785,1.859375,480,0.0_0.0,Flute
543,13.0,,,,,,,,,,,,55.0,,,,,,,80,note_off,,60.0,55.0,60.0,3330,3.46875,480,13.0_0.0,Pizzicato Strings
544,13.0,,,,,,,,,,,,67.0,,,,,,,0,note_off,,60.0,67.0,60.0,3330,3.46875,480,13.0_0.0,Pizzicato Strings
545,0.0,,,,,,,,,,,,65.0,,,,,,,40,note_off,,60.0,65.0,60.0,1825,1.9010416666666667,480,0.0_0.0,Flute
546,0.0,,,,,,,,,,,,67.0,,,,,,,0,note_on,,60.0,67.0,60.0,1825,1.9010416666666667,480,0.0_0.0,Flute
547,9.0,,,,,,,,,,,,40.0,,,,,,,10,note_on,,10.0,40.0,10.0,5605,5.838541666666667,480,9.0_1.0,String Ensemble 1
548,9.0,,,,,,,,,,,,40.0,,,,,,,30,note_off,,10.0,40.0,10.0,5635,5.869791666666667,480,9.0_1.0,String Ensemble 1
549,9.0,,,,,,,,,,,,40.0,,,,,,,50,note_on,,10.0,40.0,10.0,5685,5.921875,480,9.0_1.0,String Ensemble 1
550,0.0,,,,,,,,,,,,67.0,,,,,,,30,note_off,,60.0,67.0,60.0,1855,1.9322916666666667,480,0.0_0.0,Flute
551,0.0,,,,,,,,,,,,69.0,,,,,,,0,note_on,,60.0,69.0,60.0,1855,1.9322916666666667,480,0.0_0.0,Flute
552,9.0,,,,,,,,,,,,40.0,,,,,,,0,note_off,,10.0,40.0,10.0,5685,5.921875,480,9.0_1.0,String Ensemble 1
553,9.0,,,,,,,,,,,,40.0,,,,,,,50,note_on,,10.0,40.0,10.0,5735,5.973958333333333,480,9.0_1.0,String Ensemble 1
554,9.0,,,,,,,,,,,,40.0,,,,,,,30,note_off,,10.0,40.0,10.0,5765,6.005208333333333,480,9.0_1.0,String Ensemble 1
555,0.0,,,,,,,,,,,,69.0,,,,,,,40,note_off,,60.0,69.0,60.0,1895,1.9739583333333333,480,0.0_0.0,Flute
556,0.0,,,,,,,,,,,,67.0,,,,,,,0,note_on,,60.0,67.0,60.0,1895,1.9739583333333333,480,0.0_0.0,Flute
557,14.0,,,,,,,,,,,,43.0,,,,,,,0,note_on,,60.0,43.0,60.0,950,0.9895833333333334,480,14.0_0.0,Pizzicato Strings
558,14.0,,,,,,,,,,,,55.0,,,,,,,0,note_on,,60.0,55.0,60.0,950,0.9895833333333334,480,14.0_0.0,Pizzicato Strings
559,9.0,,,,,,,,,,,,40.0,,,,,,,10,note_on,,10.0,40.0,10.0,5775,6.015625,480,9.0_1.0,String Ensemble 1
560,9.0,,,,,,,,,,,,40.0,,,,,,,30,note_off,,10.0,40.0,10.0,5805,6.046875,480,9.0_1.0,String Ensemble 1
561,9.0,,,,,,,,,,,,40.0,,,,,,,50,note_on,,10.0,40.0,10.0,5855,6.098958333333333,480,9.0_1.0,String Ensemble 1
562,9.0,,,,,,,,,,,,40.0,,,,,,,30,note_off,,10.0,40.0,10.0,5885,6.130208333333333,480,9.0_1.0,String Ensemble 1
563,9.0,,,,,,,,,,,,40.0,,,,,,,50,note_on,,10.0,40.0,10.0,5935,6.182291666666667,480,9.0_1.0,String Ensemble 1
564,9.0,,,,,,,,,,,,40.0,,,,,,,30,note_off,,10.0,40.0,10.0,5965,6.213541666666667,480,9.0_1.0,String Ensemble 1
565,14.0,,,,,,,,,,,,43.0,,,,,,,0,note_off,,60.0,43.0,60.0,950,0.9895833333333334,480,14.0_0.0,Pizzicato Strings
566,14.0,,,,,,,,,,,,55.0,,,,,,,0,note_off,,60.0,55.0,60.0,950,0.9895833333333334,480,14.0_0.0,Pizzicato Strings
567,14.0,,,,,,,,,,,,55.0,,,,,,,40,note_on,,60.0,55.0,60.0,990,1.03125,480,14.0_0.0,Pizzicato Strings
568,9.0,,,,,,,,,,,,40.0,,,,,,,10,note_on,,10.0,40.0,10.0,5975,6.223958333333333,480,9.0_1.0,String Ensemble 1
569,9.0,,,,,,,,,,,,40.0,,,,,,,30,note_off,,10.0,40.0,10.0,6005,6.255208333333333,480,9.0_1.0,String Ensemble 1
570,9.0,,,,,,,,,,,,40.0,,,,,,,50,note_on,,10.0,40.0,10.0,6055,6.307291666666667,480,9.0_1.0,String Ensemble 1
571,9.0,,,,,,,,,,,,40.0,,,,,,,30,note_off,,10.0,40.0,10.0,6085,6.338541666666667,480,9.0_1.0,String Ensemble 1
572,9.0,,,,,,,,,,,,40.0,,,,,,,50,note_on,,10.0,40.0,10.0,6135,6.390625,480,9.0_1.0,String Ensemble 1
573,9.0,,,,,,,,,,,,40.0,,,,,,,30,note_off,,10.0,40.0,10.0,6165,6.421875,480,9.0_1.0,String Ensemble 1
574,14.0,,,,,,,,,,,,55.0,,,,,,,0,note_off,,60.0,55.0,60.0,990,1.03125,480,14.0_0.0,Pizzicato Strings
575,13.0,,,,,,,,,,,,55.0,,,,,,,40,note_on,,60.0,55.0,60.0,3370,3.5104166666666665,480,13.0_0.0,Pizzicato Strings
576,14.0,,,,,,,,,,,,48.0,,,,,,,0,note_on,,60.0,48.0,60.0,990,1.03125,480,14.0_0.0,Pizzicato Strings
577,9.0,,,,,,,,,,,,40.0,,,,,,,10,note_on,,10.0,40.0,10.0,6175,6.432291666666667,480,9.0_1.0,String Ensemble 1
578,9.0,,,,,,,,,,,,40.0,,,,,,,30,note_off,,10.0,40.0,10.0,6205,6.463541666666667,480,9.0_1.0,String Ensemble 1
579,13.0,,,,,,,,,,,,55.0,,,,,,,160,note_off,,60.0,55.0,60.0,3530,3.6770833333333335,480,13.0_0.0,Pizzicato Strings
580,14.0,,,,,,,,,,,,48.0,,,,,,,0,note_off,,60.0,48.0,60.0,990,1.03125,480,14.0_0.0,Pizzicato Strings
581,9.0,,,,,,,,,,,,40.0,,,,,,,50,note_on,,10.0,40.0,10.0,6255,6.515625,480,9.0_1.0,String Ensemble 1
582,9.0,,,,,,,,,,,,40.0,,,,,,,30,note_off,,10.0,40.0,10.0,6285,6.546875,480,9.0_1.0,String Ensemble 1
583,9.0,,,,,,,,,,,,40.0,,,,,,,50,note_on,,10.0,40.0,10.0,6335,6.598958333333333,480,9.0_1.0,String Ensemble 1
584,9.0,,,,,,,,,,,,40.0,,,,,,,30,note_off,,10.0,40.0,10.0,6365,6.630208333333333,480,9.0_1.0,String Ensemble 1
585,9.0,,,,,,,,,,,,40.0,,,,,,,50,note_on,,10.0,40.0,10.0,6415,6.682291666666667,480,9.0_1.0,String Ensemble 1
586,9.0,,,,,,,,,,,,40.0,,,,,,,30,note_off,,10.0,40.0,10.0,6445,6.713541666666667,480,9.0_1.0,String Ensemble 1
587,13.0,,,,,,,,,,,,55.0,,,,,,,40,note_on,,60.0,55.0,60.0,3570,3.71875,480,13.0_0.0,Pizzicato Strings
588,13.0,,,,,,,,,,,,67.0,,,,,,,0,note_on,,60.0,67.0,60.0,3570,3.71875,480,13.0_0.0,Pizzicato Strings
589,9.0,,,,,,,,,,,,40.0,,,,,,,10,note_on,,10.0,40.0,10.0,6455,6.723958333333333,480,9.0_1.0,String Ensemble 1
590,9.0,,,,,,,,,,,,40.0,,,,,,,30,note_off,,10.0,40.0,10.0,6485,6.755208333333333,480,9.0_1.0,String Ensemble 1
591,0.0,,,,,,,,,,,,67.0,,,,,,,65,note_off,,60.0,67.0,60.0,1960,2.0416666666666665,480,0.0_0.0,Flute
592,0.0,,,,,,,,,,,,69.0,,,,,,,15,note_on,,60.0,69.0,60.0,1975,2.0572916666666665,480,0.0_0.0,Flute
593,13.0,,,,,,,,,,,,55.0,,,,,,,80,note_off,,60.0,55.0,60.0,3650,3.8020833333333335,480,13.0_0.0,Pizzicato Strings
594,13.0,,,,,,,,,,,,67.0,,,,,,,0,note_off,,60.0,67.0,60.0,3650,3.8020833333333335,480,13.0_0.0,Pizzicato Strings
595,0.0,,,,,,,,,,,,69.0,,,,,,,40,note_off,,60.0,69.0,60.0,2015,2.0989583333333335,480,0.0_0.0,Flute
596,0.0,,,,,,,,,,,,71.0,,,,,,,0,note_on,,60.0,71.0,60.0,2015,2.0989583333333335,480,0.0_0.0,Flute
597,9.0,,,,,,,,,,,,40.0,,,,,,,10,note_on,,10.0,40.0,10.0,6495,6.765625,480,9.0_1.0,String Ensemble 1
598,9.0,,,,,,,,,,,,40.0,,,,,,,30,note_off,,10.0,40.0,10.0,6525,6.796875,480,9.0_1.0,String Ensemble 1
599,9.0,,,,,,,,,,,,40.0,,,,,,,50,note_on,,10.0,40.0,10.0,6575,6.848958333333333,480,9.0_1.0,String Ensemble 1
600,0.0,,,,,,,,,,,,71.0,,,,,,,30,note_off,,60.0,71.0,60.0,2045,2.1302083333333335,480,0.0_0.0,Flute
601,0.0,,,,,,,,,,,,69.0,,,,,,,0,note_on,,60.0,69.0,60.0,2045,2.1302083333333335,480,0.0_0.0,Flute
602,9.0,,,,,,,,,,,,40.0,,,,,,,0,note_off,,10.0,40.0,10.0,6575,6.848958333333333,480,9.0_1.0,String Ensemble 1
603,9.0,,,,,,,,,,,,40.0,,,,,,,50,note_on,,10.0,40.0,10.0,6625,6.901041666666667,480,9.0_1.0,String Ensemble 1
604,9.0,,,,,,,,,,,,40.0,,,,,,,30,note_off,,10.0,40.0,10.0,6655,6.932291666666667,480,9.0_1.0,String Ensemble 1
605,0.0,,,,,,,,,,,,69.0,,,,,,,40,note_off,,60.0,69.0,60.0,2085,2.171875,480,0.0_0.0,Flute
606,0.0,,,,,,,,,,,,67.0,,,,,,,0,note_on,,60.0,67.0,60.0,2085,2.171875,480,0.0_0.0,Flute
607,14.0,,,,,,,,,,,,43.0,,,,,,,0,note_on,,60.0,43.0,60.0,990,1.03125,480,14.0_0.0,Pizzicato Strings
608,14.0,,,,,,,,,,,,55.0,,,,,,,0,note_on,,60.0,55.0,60.0,990,1.03125,480,14.0_0.0,Pizzicato Strings
609,9.0,,,,,,,,,,,,40.0,,,,,,,10,note_on,,10.0,40.0,10.0,6665,6.942708333333333,480,9.0_1.0,String Ensemble 1
610,9.0,,,,,,,,,,,,40.0,,,,,,,30,note_off,,10.0,40.0,10.0,6695,6.973958333333333,480,9.0_1.0,String Ensemble 1
611,0.0,,,,,,,,,,,,67.0,,,,,,,80,note_off,,60.0,67.0,60.0,2165,2.2552083333333335,480,0.0_0.0,Flute
612,0.0,,,,,,,,,,,,65.0,,,,,,,0,note_on,,60.0,65.0,60.0,2165,2.2552083333333335,480,0.0_0.0,Flute
613,14.0,,,,,,,,,,,,43.0,,,,,,,80,note_off,,60.0,43.0,60.0,1070,1.1145833333333333,480,14.0_0.0,Pizzicato Strings
614,14.0,,,,,,,,,,,,55.0,,,,,,,0,note_off,,60.0,55.0,60.0,1070,1.1145833333333333,480,14.0_0.0,Pizzicato Strings
615,0.0,,,,,,,,,,,,65.0,,,,,,,40,note_off,,60.0,65.0,60.0,2205,2.296875,480,0.0_0.0,Flute
616,0.0,,,,,,,,,,,,64.0,,,,,,,0,note_on,,60.0,64.0,60.0,2205,2.296875,480,0.0_0.0,Flute
617,9.0,,,,,,,,,,,,40.0,,,,,,,10,note_on,,10.0,40.0,10.0,6705,6.984375,480,9.0_1.0,String Ensemble 1
618,9.0,,,,,,,,,,,,40.0,,,,,,,30,note_off,,10.0,40.0,10.0,6735,7.015625,480,9.0_1.0,String Ensemble 1
619,0.0,,,,,,,,,,,,64.0,,,,,,,80,note_off,,60.0,64.0,60.0,2285,2.3802083333333335,480,0.0_0.0,Flute
620,0.0,,,,,,,,,,,,62.0,,,,,,,0,note_on,,60.0,62.0,60.0,2285,2.3802083333333335,480,0.0_0.0,Flute
621,0.0,,,,,,,,,,,,62.0,,,,,,,120,note_off,,60.0,62.0,60.0,2405,2.5052083333333335,480,0.0_0.0,Flute
622,0.0,,,,,,,,,,,,64.0,,,,,,,0,note_on,,60.0,64.0,60.0,2405,2.5052083333333335,480,0.0_0.0,Flute
623,13.0,,,,,,,,,,,,55.0,,,,,,,0,note_on,,60.0,55.0,60.0,3650,3.8020833333333335,480,13.0_0.0,Pizzicato Strings
624,14.0,,,,,,,,,,,,48.0,,,,,,,0,note_on,,60.0,48.0,60.0,1070,1.1145833333333333,480,14.0_0.0,Pizzicato Strings
625,9.0,,,,,,,,,,,,40.0,,,,,,,10,note_on,,10.0,40.0,10.0,6745,7.026041666666667,480,9.0_1.0,String Ensemble 1
626,9.0,,,,,,,,,,,,40.0,,,,,,,30,note_off,,10.0,40.0,10.0,6775,7.057291666666667,480,9.0_1.0,String Ensemble 1
627,0.0,,,,,,,,,,,,64.0,,,,,,,80,note_off,,60.0,64.0,60.0,2485,2.5885416666666665,480,0.0_0.0,Flute
628,0.0,,,,,,,,,,,,62.0,,,,,,,0,note_on,,60.0,62.0,60.0,2485,2.5885416666666665,480,0.0_0.0,Flute
629,13.0,,,,,,,,,,,,55.0,,,,,,,80,note_off,,60.0,55.0,60.0,3730,3.8854166666666665,480,13.0_0.0,Pizzicato Strings
630,14.0,,,,,,,,,,,,48.0,,,,,,,0,note_off,,60.0,48.0,60.0,1070,1.1145833333333333,480,14.0_0.0,Pizzicato Strings
631,0.0,,,,,,,,,,,,62.0,,,,,,,40,note_off,,60.0,62.0,60.0,2525,2.6302083333333335,480,0.0_0.0,Flute
632,0.0,,,,,,,,,,,,60.0,,,,,,,0,note_on,,60.0,60.0,60.0,2525,2.6302083333333335,480,0.0_0.0,Flute
633,9.0,,,,,,,,,,,,40.0,,,,,,,10,note_on,,10.0,40.0,10.0,6785,7.067708333333333,480,9.0_1.0,String Ensemble 1
634,9.0,,,,,,,,,,,,40.0,,,,,,,30,note_off,,10.0,40.0,10.0,6815,7.098958333333333,480,9.0_1.0,String Ensemble 1
635,9.0,,,,,,,,,,,,40.0,,,,,,,50,note_on,,10.0,40.0,10.0,6865,7.151041666666667,480,9.0_1.0,String Ensemble 1
636,9.0,,,,,,,,,,,,40.0,,,,,,,30,note_off,,10.0,40.0,10.0,6895,7.182291666666667,480,9.0_1.0,String Ensemble 1
637,9.0,,,,,,,,,,,,40.0,,,,,,,50,note_on,,10.0,40.0,10.0,6945,7.234375,480,9.0_1.0,String Ensemble 1
638,9.0,,,,,,,,,,,,40.0,,,,,,,30,note_off,,10.0,40.0,10.0,6975,7.265625,480,9.0_1.0,String Ensemble 1
639,13.0,,,,,,,,,,,,55.0,,,,,,,40,note_on,,60.0,55.0,60.0,3770,3.9270833333333335,480,13.0_0.0,Pizzicato Strings
640,13.0,,,,,,,,,,,,67.0,,,,,,,0,note_on,,60.0,67.0,60.0,3770,3.9270833333333335,480,13.0_0.0,Pizzicato Strings
641,9.0,,,,,,,,,,,,40.0,,,,,,,10,note_on,,10.0,40.0,10.0,6985,7.276041666666667,480,9.0_1.0,String Ensemble 1
642,9.0,,,,,,,,,,,,40.0,,,,,,,30,note_off,,10.0,40.0,10.0,7015,7.307291666666667,480,9.0_1.0,String Ensemble 1
643,13.0,,,,,,,,,,,,55.0,,,,,,,160,note_off,,60.0,55.0,60.0,3930,4.09375,480,13.0_1.0,Pizzicato Strings
644,13.0,,,,,,,,,,,,67.0,,,,,,,0,note_off,,60.0,67.0,60.0,3930,4.09375,480,13.0_1.0,Pizzicato Strings
645,0.0,,,,,,,,,,,,60.0,,,,,,,10,note_off,,60.0,60.0,60.0,2535,2.640625,480,0.0_0.0,Flute
646,0.0,,,,,,,,,,,,60.0,,,,,,,30,note_on,,60.0,60.0,60.0,2565,2.671875,480,0.0_0.0,Flute
647,9.0,,,,,,,,,,,,40.0,,,,,,,10,note_on,,10.0,40.0,10.0,7025,7.317708333333333,480,9.0_1.0,String Ensemble 1
648,9.0,,,,,,,,,,,,40.0,,,,,,,30,note_off,,10.0,40.0,10.0,7055,7.348958333333333,480,9.0_1.0,String Ensemble 1
649,9.0,,,,,,,,,,,,40.0,,,,,,,50,note_on,,10.0,40.0,10.0,7105,7.401041666666667,480,9.0_1.0,String Ensemble 1
650,0.0,,,,,,,,,,,,60.0,,,,,,,30,note_off,,60.0,60.0,60.0,2595,2.703125,480,0.0_0.0,Flute
651,0.0,,,,,,,,,,,,62.0,,,,,,,0,note_on,,60.0,62.0,60.0,2595,2.703125,480,0.0_0.0,Flute
652,9.0,,,,,,,,,,,,40.0,,,,,,,0,note_off,,10.0,40.0,10.0,7105,7.401041666666667,480,9.0_1.0,String Ensemble 1
653,9.0,,,,,,,,,,,,40.0,,,,,,,50,note_on,,10.0,40.0,10.0,7155,7.453125,480,9.0_1.0,String Ensemble 1
654,9.0,,,,,,,,,,,,40.0,,,,,,,30,note_off,,10.0,40.0,10.0,7185,7.484375,480,9.0_1.0,String Ensemble 1
655,0.0,,,,,,,,,,,,62.0,,,,,,,40,note_off,,60.0,62.0,60.0,2635,2.7447916666666665,480,0.0_0.0,Flute
656,0.0,,,,,,,,,,,,64.0,,,,,,,0,note_on,,60.0,64.0,60.0,2635,2.7447916666666665,480,0.0_0.0,Flute
657,14.0,,,,,,,,,,,,43.0,,,,,,,0,note_on,,60.0,43.0,60.0,1070,1.1145833333333333,480,14.0_0.0,Pizzicato Strings
658,14.0,,,,,,,,,,,,55.0,,,,,,,0,note_on,,60.0,55.0,60.0,1070,1.1145833333333333,480,14.0_0.0,Pizzicato Strings
659,9.0,,,,,,,,,,,,40.0,,,,,,,10,note_on,,10.0,40.0,10.0,7195,7.494791666666667,480,9.0_1.0,String Ensemble 1
660,9.0,,,,,,,,,,,,40.0,,,,,,,30,note_off,,10.0,40.0,10.0,7225,7.526041666666667,480,9.0_1.0,String Ensemble 1
661,9.0,,,,,,,,,,,,40.0,,,,,,,50,note_on,,10.0,40.0,10.0,7275,7.578125,480,9.0_1.0,String Ensemble 1
662,9.0,,,,,,,,,,,,40.0,,,,,,,30,note_off,,10.0,40.0,10.0,7305,7.609375,480,9.0_1.0,String Ensemble 1
663,9.0,,,,,,,,,,,,40.0,,,,,,,50,note_on,,10.0,40.0,10.0,7355,7.661458333333333,480,9.0_1.0,String Ensemble 1
664,9.0,,,,,,,,,,,,40.0,,,,,,,30,note_off,,10.0,40.0,10.0,7385,7.692708333333333,480,9.0_1.0,String Ensemble 1
665,14.0,,,,,,,,,,,,43.0,,,,,,,0,note_off,,60.0,43.0,60.0,1070,1.1145833333333333,480,14.0_0.0,Pizzicato Strings
666,14.0,,,,,,,,,,,,55.0,,,,,,,0,note_off,,60.0,55.0,60.0,1070,1.1145833333333333,480,14.0_0.0,Pizzicato Strings
667,0.0,,,,,,,,,,,,64.0,,,,,,,30,note_off,,60.0,64.0,60.0,2665,2.7760416666666665,480,0.0_0.0,Flute
668,0.0,,,,,,,,,,,,65.0,,,,,,,10,note_on,,60.0,65.0,60.0,2675,2.7864583333333335,480,0.0_0.0,Flute
669,14.0,,,,,,,,,,,,55.0,,,,,,,0,note_on,,60.0,55.0,60.0,1070,1.1145833333333333,480,14.0_0.0,Pizzicato Strings
670,9.0,,,,,,,,,,,,40.0,,,,,,,10,note_on,,10.0,40.0,10.0,7395,7.703125,480,9.0_1.0,String Ensemble 1
671,9.0,,,,,,,,,,,,40.0,,,,,,,30,note_off,,10.0,40.0,10.0,7425,7.734375,480,9.0_1.0,String Ensemble 1
672,9.0,,,,,,,,,,,,40.0,,,,,,,50,note_on,,10.0,40.0,10.0,7475,7.786458333333333,480,9.0_1.0,String Ensemble 1
673,9.0,,,,,,,,,,,,40.0,,,,,,,30,note_off,,10.0,40.0,10.0,7505,7.817708333333333,480,9.0_1.0,String Ensemble 1
674,9.0,,,,,,,,,,,,40.0,,,,,,,50,note_on,,10.0,40.0,10.0,7555,7.869791666666667,480,9.0_1.0,String Ensemble 1
675,9.0,,,,,,,,,,,,40.0,,,,,,,30,note_off,,10.0,40.0,10.0,7585,7.901041666666667,480,9.0_1.0,String Ensemble 1
676,14.0,,,,,,,,,,,,55.0,,,,,,,0,note_off,,60.0,55.0,60.0,1070,1.1145833333333333,480,14.0_0.0,Pizzicato Strings
677,0.0,,,,,,,,,,,,65.0,,,,,,,30,note_off,,60.0,65.0,60.0,2705,2.8177083333333335,480,0.0_0.0,Flute
678,0.0,,,,,,,,,,,,62.0,,,,,,,10,note_on,,60.0,62.0,60.0,2715,2.828125,480,0.0_0.0,Flute
679,13.0,,,,,,,,,,,,55.0,,,,,,,0,note_on,,60.0,55.0,60.0,3930,4.09375,480,13.0_1.0,Pizzicato Strings
680,14.0,,,,,,,,,,,,48.0,,,,,,,0,note_on,,60.0,48.0,60.0,1070,1.1145833333333333,480,14.0_0.0,Pizzicato Strings
681,9.0,,,,,,,,,,,,40.0,,,,,,,10,note_on,,10.0,40.0,10.0,7595,7.911458333333333,480,9.0_1.0,String Ensemble 1
682,9.0,,,,,,,,,,,,40.0,,,,,,,30,note_off,,10.0,40.0,10.0,7625,7.942708333333333,480,9.0_1.0,String Ensemble 1
683,13.0,,,,,,,,,,,,55.0,,,,,,,160,note_off,,60.0,55.0,60.0,4090,4.260416666666667,480,13.0_1.0,Pizzicato Strings
684,14.0,,,,,,,,,,,,48.0,,,,,,,0,note_off,,60.0,48.0,60.0,1070,1.1145833333333333,480,14.0_0.0,Pizzicato Strings
685,9.0,,,,,,,,,,,,40.0,,,,,,,50,note_on,,10.0,40.0,10.0,7675,7.994791666666667,480,9.0_1.0,String Ensemble 1
686,9.0,,,,,,,,,,,,40.0,,,,,,,30,note_off,,10.0,40.0,10.0,7705,8.026041666666666,480,9.0_2.0,String Ensemble 1
687,9.0,,,,,,,,,,,,40.0,,,,,,,50,note_on,,10.0,40.0,10.0,7755,8.078125,480,9.0_2.0,String Ensemble 1
688,9.0,,,,,,,,,,,,40.0,,,,,,,30,note_off,,10.0,40.0,10.0,7785,8.109375,480,9.0_2.0,String Ensemble 1
689,9.0,,,,,,,,,,,,40.0,,,,,,,50,note_on,,10.0,40.0,10.0,7835,8.161458333333334,480,9.0_2.0,String Ensemble 1
690,9.0,,,,,,,,,,,,40.0,,,,,,,30,note_off,,10.0,40.0,10.0,7865,8.192708333333334,480,9.0_2.0,String Ensemble 1
691,0.0,,,,,,,,,,,,62.0,,,,,,,40,note_off,,60.0,62.0,60.0,2755,2.8697916666666665,480,0.0_0.0,Flute
692,0.0,,,,,,,,,,,,67.0,,,,,,,0,note_on,,60.0,67.0,60.0,2755,2.8697916666666665,480,0.0_0.0,Flute
693,13.0,,,,,,,,,,,,55.0,,,,,,,0,note_on,,60.0,55.0,60.0,4090,4.260416666666667,480,13.0_1.0,Pizzicato Strings
694,13.0,,,,,,,,,,,,67.0,,,,,,,0,note_on,,60.0,67.0,60.0,4090,4.260416666666667,480,13.0_1.0,Pizzicato Strings
695,9.0,,,,,,,,,,,,40.0,,,,,,,10,note_on,,10.0,40.0,10.0,7875,8.203125,480,9.0_2.0,String Ensemble 1
696,9.0,,,,,,,,,,,,40.0,,,,,,,30,note_off,,10.0,40.0,10.0,7905,8.234375,480,9.0_2.0,String Ensemble 1
697,13.0,,,,,,,,,,,,55.0,,,,,,,160,note_off,,60.0,55.0,60.0,4250,4.427083333333333,480,13.0_1.0,Pizzicato Strings
698,13.0,,,,,,,,,,,,67.0,,,,,,,0,note_off,,60.0,67.0,60.0,4250,4.427083333333333,480,13.0_1.0,Pizzicato Strings
699,9.0,,,,,,,,,,,,40.0,,,,,,,50,note_on,,10.0,40.0,10.0,7955,8.286458333333334,480,9.0_2.0,String Ensemble 1
700,9.0,,,,,,,,,,,,40.0,,,,,,,30,note_off,,10.0,40.0,10.0,7985,8.317708333333334,480,9.0_2.0,String Ensemble 1
701,9.0,,,,,,,,,,,,40.0,,,,,,,50,note_on,,10.0,40.0,10.0,8035,8.369791666666666,480,9.0_2.0,String Ensemble 1
702,9.0,,,,,,,,,,,,40.0,,,,,,,30,note_off,,10.0,40.0,10.0,8065,8.401041666666666,480,9.0_2.0,String Ensemble 1
703,9.0,,,,,,,,,,,,40.0,,,,,,,50,note_on,,10.0,40.0,10.0,8115,8.453125,480,9.0_2.0,String Ensemble 1
704,9.0,,,,,,,,,,,,40.0,,,,,,,30,note_off,,10.0,40.0,10.0,8145,8.484375,480,9.0_2.0,String Ensemble 1
705,14.0,,,,,,,,,,,,43.0,,,,,,,40,note_on,,60.0,43.0,60.0,1110,1.15625,480,14.0_0.0,Pizzicato Strings
706,14.0,,,,,,,,,,,,55.0,,,,,,,0,note_on,,60.0,55.0,60.0,1110,1.15625,480,14.0_0.0,Pizzicato Strings
707,9.0,,,,,,,,,,,,40.0,,,,,,,10,note_on,,10.0,40.0,10.0,8155,8.494791666666666,480,9.0_2.0,String Ensemble 1
708,9.0,,,,,,,,,,,,40.0,,,,,,,30,note_off,,10.0,40.0,10.0,8185,8.526041666666666,480,9.0_2.0,String Ensemble 1
709,14.0,,,,,,,,,,,,43.0,,,,,,,160,note_off,,60.0,43.0,60.0,1270,1.3229166666666667,480,14.0_0.0,Pizzicato Strings
710,14.0,,,,,,,,,,,,55.0,,,,,,,0,note_off,,60.0,55.0,60.0,1270,1.3229166666666667,480,14.0_0.0,Pizzicato Strings
711,9.0,,,,,,,,,,,,40.0,,,,,,,50,note_on,,10.0,40.0,10.0,8235,8.578125,480,9.0_2.0,String Ensemble 1
712,9.0,,,,,,,,,,,,40.0,,,,,,,30,note_off,,10.0,40.0,10.0,8265,8.609375,480,9.0_2.0,String Ensemble 1
713,13.0,,,,,,,,,,,,55.0,,,,,,,200,note_on,,60.0,55.0,60.0,4450,4.635416666666667,480,13.0_1.0,Pizzicato Strings
714,14.0,,,,,,,,,,,,48.0,,,,,,,0,note_on,,60.0,48.0,60.0,1270,1.3229166666666667,480,14.0_0.0,Pizzicato Strings
715,9.0,,,,,,,,,,,,40.0,,,,,,,10,note_on,,10.0,40.0,10.0,8275,8.619791666666666,480,9.0_2.0,String Ensemble 1
716,9.0,,,,,,,,,,,,40.0,,,,,,,30,note_off,,10.0,40.0,10.0,8305,8.651041666666666,480,9.0_2.0,String Ensemble 1
717,13.0,,,,,,,,,,,,55.0,,,,,,,160,note_off,,60.0,55.0,60.0,4610,4.802083333333333,480,13.0_1.0,Pizzicato Strings
718,14.0,,,,,,,,,,,,48.0,,,,,,,0,note_off,,60.0,48.0,60.0,1270,1.3229166666666667,480,14.0_0.0,Pizzicato Strings
719,9.0,,,,,,,,,,,,40.0,,,,,,,50,note_on,,10.0,40.0,10.0,8355,8.703125,480,9.0_2.0,String Ensemble 1
720,9.0,,,,,,,,,,,,40.0,,,,,,,30,note_off,,10.0,40.0,10.0,8385,8.734375,480,9.0_2.0,String Ensemble 1
721,9.0,,,,,,,,,,,,40.0,,,,,,,50,note_on,,10.0,40.0,10.0,8435,8.786458333333334,480,9.0_2.0,String Ensemble 1
722,9.0,,,,,,,,,,,,40.0,,,,,,,30,note_off,,10.0,40.0,10.0,8465,8.817708333333334,480,9.0_2.0,String Ensemble 1
723,9.0,,,,,,,,,,,,40.0,,,,,,,50,note_on,,10.0,40.0,10.0,8515,8.869791666666666,480,9.0_2.0,String Ensemble 1
724,9.0,,,,,,,,,,,,40.0,,,,,,,30,note_off,,10.0,40.0,10.0,8545,8.901041666666666,480,9.0_2.0,String Ensemble 1
725,13.0,,,,,,,,,,,,55.0,,,,,,,40,note_on,,60.0,55.0,60.0,4650,4.84375,480,13.0_1.0,Pizzicato Strings
726,13.0,,,,,,,,,,,,67.0,,,,,,,0,note_on,,60.0,67.0,60.0,4650,4.84375,480,13.0_1.0,Pizzicato Strings
727,9.0,,,,,,,,,,,,40.0,,,,,,,10,note_on,,10.0,40.0,10.0,8555,8.911458333333334,480,9.0_2.0,String Ensemble 1
728,9.0,,,,,,,,,,,,40.0,,,,,,,30,note_off,,10.0,40.0,10.0,8585,8.942708333333334,480,9.0_2.0,String Ensemble 1
729,13.0,,,,,,,,,,,,55.0,,,,,,,160,note_off,,60.0,55.0,60.0,4810,5.010416666666667,480,13.0_1.0,Pizzicato Strings
730,13.0,,,,,,,,,,,,67.0,,,,,,,0,note_off,,60.0,67.0,60.0,4810,5.010416666666667,480,13.0_1.0,Pizzicato Strings
731,9.0,,,,,,,,,,,,40.0,,,,,,,50,note_on,,10.0,40.0,10.0,8635,8.994791666666666,480,9.0_2.0,String Ensemble 1
732,9.0,,,,,,,,,,,,40.0,,,,,,,30,note_off,,10.0,40.0,10.0,8665,9.026041666666666,480,9.0_2.0,String Ensemble 1
733,9.0,,,,,,,,,,,,40.0,,,,,,,50,note_on,,10.0,40.0,10.0,8715,9.078125,480,9.0_2.0,String Ensemble 1
734,9.0,,,,,,,,,,,,40.0,,,,,,,30,note_off,,10.0,40.0,10.0,8745,9.109375,480,9.0_2.0,String Ensemble 1
735,9.0,,,,,,,,,,,,40.0,,,,,,,50,note_on,,10.0,40.0,10.0,8795,9.161458333333334,480,9.0_2.0,String Ensemble 1
736,9.0,,,,,,,,,,,,40.0,,,,,,,30,note_off,,10.0,40.0,10.0,8825,9.192708333333334,480,9.0_2.0,String Ensemble 1
737,14.0,,,,,,,,,,,,43.0,,,,,,,40,note_on,,60.0,43.0,60.0,1310,1.3645833333333333,480,14.0_0.0,Pizzicato Strings
738,14.0,,,,,,,,,,,,55.0,,,,,,,0,note_on,,60.0,55.0,60.0,1310,1.3645833333333333,480,14.0_0.0,Pizzicato Strings
739,9.0,,,,,,,,,,,,40.0,,,,,,,10,note_on,,10.0,40.0,10.0,8835,9.203125,480,9.0_2.0,String Ensemble 1
740,9.0,,,,,,,,,,,,40.0,,,,,,,30,note_off,,10.0,40.0,10.0,8865,9.234375,480,9.0_2.0,String Ensemble 1
741,9.0,,,,,,,,,,,,40.0,,,,,,,50,note_on,,10.0,40.0,10.0,8915,9.286458333333334,480,9.0_2.0,String Ensemble 1
742,9.0,,,,,,,,,,,,40.0,,,,,,,30,note_off,,10.0,40.0,10.0,8945,9.317708333333334,480,9.0_2.0,String Ensemble 1
743,0.0,,,,,,,,,,,,67.0,,,,,,,10,note_off,,60.0,67.0,60.0,2765,2.8802083333333335,480,0.0_0.0,Flute
744,9.0,,,,,,,,,,,,40.0,,,,,,,40,note_on,,10.0,40.0,10.0,8985,9.359375,480,9.0_2.0,String Ensemble 1
745,9.0,,,,,,,,,,,,40.0,,,,,,,30,note_off,,10.0,40.0,10.0,9015,9.390625,480,9.0_2.0,String Ensemble 1
746,14.0,,,,,,,,,,,,43.0,,,,,,,0,note_off,,60.0,43.0,60.0,1310,1.3645833333333333,480,14.0_0.0,Pizzicato Strings
747,14.0,,,,,,,,,,,,55.0,,,,,,,0,note_off,,60.0,55.0,60.0,1310,1.3645833333333333,480,14.0_0.0,Pizzicato Strings
748,14.0,,,,,,,,,,,,55.0,,,,,,,40,note_on,,60.0,55.0,60.0,1350,1.40625,480,14.0_0.0,Pizzicato Strings
749,9.0,,,,,,,,,,,,40.0,,,,,,,10,note_on,,10.0,40.0,10.0,9025,9.401041666666666,480,9.0_2.0,String Ensemble 1
750,9.0,,,,,,,,,,,,40.0,,,,,,,30,note_off,,10.0,40.0,10.0,9055,9.432291666666666,480,9.0_2.0,String Ensemble 1
751,9.0,,,,,,,,,,,,40.0,,,,,,,50,note_on,,10.0,40.0,10.0,9105,9.484375,480,9.0_2.0,String Ensemble 1
752,9.0,,,,,,,,,,,,40.0,,,,,,,30,note_off,,10.0,40.0,10.0,9135,9.515625,480,9.0_2.0,String Ensemble 1
753,9.0,,,,,,,,,,,,40.0,,,,,,,50,note_on,,10.0,40.0,10.0,9185,9.567708333333334,480,9.0_2.0,String Ensemble 1
754,9.0,,,,,,,,,,,,40.0,,,,,,,30,note_off,,10.0,40.0,10.0,9215,9.598958333333334,480,9.0_2.0,String Ensemble 1
755,14.0,,,,,,,,,,,,55.0,,,,,,,0,note_off,,60.0,55.0,60.0,1350,1.40625,480,14.0_0.0,Pizzicato Strings
756,0.0,,,,,,,,,,,,74.0,,,,,,,40,note_on,,60.0,74.0,60.0,2805,2.921875,480,0.0_0.0,Flute
757,13.0,,,,,,,,,,,,55.0,,,,,,,0,note_on,,60.0,55.0,60.0,4810,5.010416666666667,480,13.0_1.0,Pizzicato Strings
758,14.0,,,,,,,,,,,,48.0,,,,,,,0,note_on,,60.0,48.0,60.0,1350,1.40625,480,14.0_0.0,Pizzicato Strings
759,9.0,,,,,,,,,,,,40.0,,,,,,,10,note_on,,10.0,40.0,10.0,9225,9.609375,480,9.0_2.0,String Ensemble 1
760,9.0,,,,,,,,,,,,40.0,,,,,,,30,note_off,,10.0,40.0,10.0,9255,9.640625,480,9.0_2.0,String Ensemble 1
761,13.0,,,,,,,,,,,,55.0,,,,,,,160,note_off,,60.0,55.0,60.0,4970,5.177083333333333,480,13.0_1.0,Pizzicato Strings
762,14.0,,,,,,,,,,,,48.0,,,,,,,0,note_off,,60.0,48.0,60.0,1350,1.40625,480,14.0_0.0,Pizzicato Strings
763,9.0,,,,,,,,,,,,40.0,,,,,,,50,note_on,,10.0,40.0,10.0,9305,9.692708333333334,480,9.0_2.0,String Ensemble 1
764,9.0,,,,,,,,,,,,40.0,,,,,,,30,note_off,,10.0,40.0,10.0,9335,9.723958333333334,480,9.0_2.0,String Ensemble 1
765,9.0,,,,,,,,,,,,40.0,,,,,,,50,note_on,,10.0,40.0,10.0,9385,9.776041666666666,480,9.0_2.0,String Ensemble 1
766,9.0,,,,,,,,,,,,40.0,,,,,,,30,note_off,,10.0,40.0,10.0,9415,9.807291666666666,480,9.0_2.0,String Ensemble 1
767,9.0,,,,,,,,,,,,40.0,,,,,,,50,note_on,,10.0,40.0,10.0,9465,9.859375,480,9.0_2.0,String Ensemble 1
768,9.0,,,,,,,,,,,,40.0,,,,,,,30,note_off,,10.0,40.0,10.0,9495,9.890625,480,9.0_2.0,String Ensemble 1
769,13.0,,,,,,,,,,,,55.0,,,,,,,40,note_on,,60.0,55.0,60.0,5010,5.21875,480,13.0_1.0,Pizzicato Strings
770,13.0,,,,,,,,,,,,67.0,,,,,,,0,note_on,,60.0,67.0,60.0,5010,5.21875,480,13.0_1.0,Pizzicato Strings
771,9.0,,,,,,,,,,,,40.0,,,,,,,10,note_on,,10.0,40.0,10.0,9505,9.901041666666666,480,9.0_2.0,String Ensemble 1
772,9.0,,,,,,,,,,,,40.0,,,,,,,30,note_off,,10.0,40.0,10.0,9535,9.932291666666666,480,9.0_2.0,String Ensemble 1
773,13.0,,,,,,,,,,,,55.0,,,,,,,160,note_off,,60.0,55.0,60.0,5170,5.385416666666667,480,13.0_1.0,Pizzicato Strings
774,13.0,,,,,,,,,,,,67.0,,,,,,,0,note_off,,60.0,67.0,60.0,5170,5.385416666666667,480,13.0_1.0,Pizzicato Strings
775,9.0,,,,,,,,,,,,40.0,,,,,,,50,note_on,,10.0,40.0,10.0,9585,9.984375,480,9.0_2.0,String Ensemble 1
776,9.0,,,,,,,,,,,,40.0,,,,,,,30,note_off,,10.0,40.0,10.0,9615,10.015625,480,9.0_2.0,String Ensemble 1
777,0.0,,,,,,,,,,,,74.0,,,,,,,40,note_off,,60.0,74.0,60.0,2845,2.9635416666666665,480,0.0_0.0,Flute
778,9.0,,,,,,,,,,,,40.0,,,,,,,10,note_on,,10.0,40.0,10.0,9625,10.026041666666666,480,9.0_2.0,String Ensemble 1
779,0.0,,,,,,,,,,,,72.0,,,,,,,30,note_on,,60.0,72.0,60.0,2875,2.9947916666666665,480,0.0_0.0,Flute
780,9.0,,,,,,,,,,,,40.0,,,,,,,0,note_off,,10.0,40.0,10.0,9625,10.026041666666666,480,9.0_2.0,String Ensemble 1
781,9.0,,,,,,,,,,,,40.0,,,,,,,50,note_on,,10.0,40.0,10.0,9675,10.078125,480,9.0_2.0,String Ensemble 1
782,9.0,,,,,,,,,,,,40.0,,,,,,,30,note_off,,10.0,40.0,10.0,9705,10.109375,480,9.0_2.0,String Ensemble 1
783,0.0,,,,,,,,,,,,72.0,,,,,,,40,note_off,,60.0,72.0,60.0,2915,3.0364583333333335,480,0.0_0.0,Flute
784,0.0,,,,,,,,,,,,71.0,,,,,,,0,note_on,,60.0,71.0,60.0,2915,3.0364583333333335,480,0.0_0.0,Flute
785,14.0,,,,,,,,,,,,43.0,,,,,,,0,note_on,,60.0,43.0,60.0,1350,1.40625,480,14.0_0.0,Pizzicato Strings
786,14.0,,,,,,,,,,,,55.0,,,,,,,0,note_on,,60.0,55.0,60.0,1350,1.40625,480,14.0_0.0,Pizzicato Strings
787,9.0,,,,,,,,,,,,40.0,,,,,,,10,note_on,,10.0,40.0,10.0,9715,10.119791666666666,480,9.0_2.0,String Ensemble 1
788,9.0,,,,,,,,,,,,40.0,,,,,,,30,note_off,,10.0,40.0,10.0,9745,10.151041666666666,480,9.0_2.0,String Ensemble 1
789,0.0,,,,,,,,,,,,71.0,,,,,,,80,note_off,,60.0,71.0,60.0,2995,3.1197916666666665,480,0.0_0.0,Flute
790,0.0,,,,,,,,,,,,69.0,,,,,,,0,note_on,,60.0,69.0,60.0,2995,3.1197916666666665,480,0.0_0.0,Flute
791,14.0,,,,,,,,,,,,43.0,,,,,,,80,note_off,,60.0,43.0,60.0,1430,1.4895833333333333,480,14.0_0.0,Pizzicato Strings
792,14.0,,,,,,,,,,,,55.0,,,,,,,0,note_off,,60.0,55.0,60.0,1430,1.4895833333333333,480,14.0_0.0,Pizzicato Strings
793,0.0,,,,,,,,,,,,69.0,,,,,,,40,note_off,,60.0,69.0,60.0,3035,3.1614583333333335,480,0.0_0.0,Flute
794,0.0,,,,,,,,,,,,71.0,,,,,,,0,note_on,,60.0,71.0,60.0,3035,3.1614583333333335,480,0.0_0.0,Flute
795,9.0,,,,,,,,,,,,40.0,,,,,,,10,note_on,,10.0,40.0,10.0,9755,10.161458333333334,480,9.0_2.0,String Ensemble 1
796,9.0,,,,,,,,,,,,40.0,,,,,,,30,note_off,,10.0,40.0,10.0,9785,10.192708333333334,480,9.0_2.0,String Ensemble 1
797,0.0,,,,,,,,,,,,71.0,,,,,,,80,note_off,,60.0,71.0,60.0,3115,3.2447916666666665,480,0.0_0.0,Flute
798,0.0,,,,,,,,,,,,72.0,,,,,,,0,note_on,,60.0,72.0,60.0,3115,3.2447916666666665,480,0.0_0.0,Flute
799,0.0,,,,,,,,,,,,72.0,,,,,,,120,note_off,,60.0,72.0,60.0,3235,3.3697916666666665,480,0.0_0.0,Flute
800,0.0,,,,,,,,,,,,74.0,,,,,,,0,note_on,,60.0,74.0,60.0,3235,3.3697916666666665,480,0.0_0.0,Flute
801,13.0,,,,,,,,,,,,55.0,,,,,,,0,note_on,,60.0,55.0,60.0,5170,5.385416666666667,480,13.0_1.0,Pizzicato Strings
802,14.0,,,,,,,,,,,,48.0,,,,,,,0,note_on,,60.0,48.0,60.0,1430,1.4895833333333333,480,14.0_0.0,Pizzicato Strings
803,9.0,,,,,,,,,,,,40.0,,,,,,,10,note_on,,10.0,40.0,10.0,9795,10.203125,480,9.0_2.0,String Ensemble 1
804,9.0,,,,,,,,,,,,40.0,,,,,,,30,note_off,,10.0,40.0,10.0,9825,10.234375,480,9.0_2.0,String Ensemble 1
805,0.0,,,,,,,,,,,,74.0,,,,,,,80,note_off,,60.0,74.0,60.0,3315,3.453125,480,0.0_0.0,Flute
806,0.0,,,,,,,,,,,,72.0,,,,,,,0,note_on,,60.0,72.0,60.0,3315,3.453125,480,0.0_0.0,Flute
807,13.0,,,,,,,,,,,,55.0,,,,,,,80,note_off,,60.0,55.0,60.0,5250,5.46875,480,13.0_1.0,Pizzicato Strings
808,14.0,,,,,,,,,,,,48.0,,,,,,,0,note_off,,60.0,48.0,60.0,1430,1.4895833333333333,480,14.0_0.0,Pizzicato Strings
809,0.0,,,,,,,,,,,,72.0,,,,,,,40,note_off,,60.0,72.0,60.0,3355,3.4947916666666665,480,0.0_0.0,Flute
810,0.0,,,,,,,,,,,,71.0,,,,,,,0,note_on,,60.0,71.0,60.0,3355,3.4947916666666665,480,0.0_0.0,Flute
811,9.0,,,,,,,,,,,,40.0,,,,,,,10,note_on,,10.0,40.0,10.0,9835,10.244791666666666,480,9.0_2.0,String Ensemble 1
812,9.0,,,,,,,,,,,,40.0,,,,,,,30,note_off,,10.0,40.0,10.0,9865,10.276041666666666,480,9.0_2.0,String Ensemble 1
813,9.0,,,,,,,,,,,,40.0,,,,,,,50,note_on,,10.0,40.0,10.0,9915,10.328125,480,9.0_2.0,String Ensemble 1
814,9.0,,,,,,,,,,,,40.0,,,,,,,30,note_off,,10.0,40.0,10.0,9945,10.359375,480,9.0_2.0,String Ensemble 1
815,9.0,,,,,,,,,,,,40.0,,,,,,,50,note_on,,10.0,40.0,10.0,9995,10.411458333333334,480,9.0_2.0,String Ensemble 1
816,9.0,,,,,,,,,,,,40.0,,,,,,,30,note_off,,10.0,40.0,10.0,10025,10.442708333333334,480,9.0_2.0,String Ensemble 1
817,13.0,,,,,,,,,,,,55.0,,,,,,,40,note_on,,60.0,55.0,60.0,5290,5.510416666666667,480,13.0_1.0,Pizzicato Strings
818,13.0,,,,,,,,,,,,67.0,,,,,,,0,note_on,,60.0,67.0,60.0,5290,5.510416666666667,480,13.0_1.0,Pizzicato Strings
819,9.0,,,,,,,,,,,,40.0,,,,,,,10,note_on,,10.0,40.0,10.0,10035,10.453125,480,9.0_2.0,String Ensemble 1
820,9.0,,,,,,,,,,,,40.0,,,,,,,30,note_off,,10.0,40.0,10.0,10065,10.484375,480,9.0_2.0,String Ensemble 1
821,0.0,,,,,,,,,,,,71.0,,,,,,,50,note_off,,60.0,71.0,60.0,3405,3.546875,480,0.0_0.0,Flute
822,0.0,,,,,,,,,,,,72.0,,,,,,,30,note_on,,60.0,72.0,60.0,3435,3.578125,480,0.0_0.0,Flute
823,13.0,,,,,,,,,,,,55.0,,,,,,,80,note_off,,60.0,55.0,60.0,5370,5.59375,480,13.0_1.0,Pizzicato Strings
824,13.0,,,,,,,,,,,,67.0,,,,,,,0,note_off,,60.0,67.0,60.0,5370,5.59375,480,13.0_1.0,Pizzicato Strings
825,0.0,,,,,,,,,,,,72.0,,,,,,,40,note_off,,60.0,72.0,60.0,3475,3.6197916666666665,480,0.0_0.0,Flute
826,0.0,,,,,,,,,,,,71.0,,,,,,,0,note_on,,60.0,71.0,60.0,3475,3.6197916666666665,480,0.0_0.0,Flute
827,9.0,,,,,,,,,,,,40.0,,,,,,,10,note_on,,10.0,40.0,10.0,10075,10.494791666666666,480,9.0_2.0,String Ensemble 1
828,9.0,,,,,,,,,,,,40.0,,,,,,,30,note_off,,10.0,40.0,10.0,10105,10.526041666666666,480,9.0_2.0,String Ensemble 1
829,9.0,,,,,,,,,,,,40.0,,,,,,,50,note_on,,10.0,40.0,10.0,10155,10.578125,480,9.0_2.0,String Ensemble 1
830,0.0,,,,,,,,,,,,71.0,,,,,,,30,note_off,,60.0,71.0,60.0,3505,3.6510416666666665,480,0.0_0.0,Flute
831,0.0,,,,,,,,,,,,69.0,,,,,,,0,note_on,,60.0,69.0,60.0,3505,3.6510416666666665,480,0.0_0.0,Flute
832,9.0,,,,,,,,,,,,40.0,,,,,,,0,note_off,,10.0,40.0,10.0,10155,10.578125,480,9.0_2.0,String Ensemble 1
833,9.0,,,,,,,,,,,,40.0,,,,,,,50,note_on,,10.0,40.0,10.0,10205,10.630208333333334,480,9.0_2.0,String Ensemble 1
834,9.0,,,,,,,,,,,,40.0,,,,,,,30,note_off,,10.0,40.0,10.0,10235,10.661458333333334,480,9.0_2.0,String Ensemble 1
835,0.0,,,,,,,,,,,,69.0,,,,,,,40,note_off,,60.0,69.0,60.0,3545,3.6927083333333335,480,0.0_0.0,Flute
836,0.0,,,,,,,,,,,,72.0,,,,,,,0,note_on,,60.0,72.0,60.0,3545,3.6927083333333335,480,0.0_0.0,Flute
837,14.0,,,,,,,,,,,,43.0,,,,,,,0,note_on,,60.0,43.0,60.0,1430,1.4895833333333333,480,14.0_0.0,Pizzicato Strings
838,14.0,,,,,,,,,,,,55.0,,,,,,,0,note_on,,60.0,55.0,60.0,1430,1.4895833333333333,480,14.0_0.0,Pizzicato Strings
839,9.0,,,,,,,,,,,,40.0,,,,,,,10,note_on,,10.0,40.0,10.0,10245,10.671875,480,9.0_2.0,String Ensemble 1
840,9.0,,,,,,,,,,,,40.0,,,,,,,30,note_off,,10.0,40.0,10.0,10275,10.703125,480,9.0_2.0,String Ensemble 1
841,9.0,,,,,,,,,,,,40.0,,,,,,,50,note_on,,10.0,40.0,10.0,10325,10.755208333333334,480,9.0_2.0,String Ensemble 1
842,0.0,,,,,,,,,,,,72.0,,,,,,,30,note_off,,60.0,72.0,60.0,3575,3.7239583333333335,480,0.0_0.0,Flute
843,0.0,,,,,,,,,,,,71.0,,,,,,,0,note_on,,60.0,71.0,60.0,3575,3.7239583333333335,480,0.0_0.0,Flute
844,9.0,,,,,,,,,,,,40.0,,,,,,,0,note_off,,10.0,40.0,10.0,10325,10.755208333333334,480,9.0_2.0,String Ensemble 1
845,9.0,,,,,,,,,,,,40.0,,,,,,,50,note_on,,10.0,40.0,10.0,10375,10.807291666666666,480,9.0_2.0,String Ensemble 1
846,9.0,,,,,,,,,,,,40.0,,,,,,,30,note_off,,10.0,40.0,10.0,10405,10.838541666666666,480,9.0_2.0,String Ensemble 1
847,14.0,,,,,,,,,,,,43.0,,,,,,,0,note_off,,60.0,43.0,60.0,1430,1.4895833333333333,480,14.0_0.0,Pizzicato Strings
848,14.0,,,,,,,,,,,,55.0,,,,,,,0,note_off,,60.0,55.0,60.0,1430,1.4895833333333333,480,14.0_0.0,Pizzicato Strings
849,0.0,,,,,,,,,,,,71.0,,,,,,,40,note_off,,60.0,71.0,60.0,3615,3.765625,480,0.0_0.0,Flute
850,0.0,,,,,,,,,,,,69.0,,,,,,,0,note_on,,60.0,69.0,60.0,3615,3.765625,480,0.0_0.0,Flute
851,14.0,,,,,,,,,,,,55.0,,,,,,,0,note_on,,60.0,55.0,60.0,1430,1.4895833333333333,480,14.0_0.0,Pizzicato Strings
852,9.0,,,,,,,,,,,,40.0,,,,,,,10,note_on,,10.0,40.0,10.0,10415,10.848958333333334,480,9.0_2.0,String Ensemble 1
853,9.0,,,,,,,,,,,,40.0,,,,,,,30,note_off,,10.0,40.0,10.0,10445,10.880208333333334,480,9.0_2.0,String Ensemble 1
854,9.0,,,,,,,,,,,,40.0,,,,,,,50,note_on,,10.0,40.0,10.0,10495,10.932291666666666,480,9.0_2.0,String Ensemble 1
855,0.0,,,,,,,,,,,,69.0,,,,,,,30,note_off,,60.0,69.0,60.0,3645,3.796875,480,0.0_0.0,Flute
856,0.0,,,,,,,,,,,,65.0,,,,,,,0,note_on,,60.0,65.0,60.0,3645,3.796875,480,0.0_0.0,Flute
857,9.0,,,,,,,,,,,,40.0,,,,,,,0,note_off,,10.0,40.0,10.0,10495,10.932291666666666,480,9.0_2.0,String Ensemble 1
858,9.0,,,,,,,,,,,,40.0,,,,,,,50,note_on,,10.0,40.0,10.0,10545,10.984375,480,9.0_2.0,String Ensemble 1
859,9.0,,,,,,,,,,,,40.0,,,,,,,30,note_off,,10.0,40.0,10.0,10575,11.015625,480,9.0_2.0,String Ensemble 1
860,14.0,,,,,,,,,,,,55.0,,,,,,,0,note_off,,60.0,55.0,60.0,1430,1.4895833333333333,480,14.0_0.0,Pizzicato Strings
861,13.0,,,,,,,,,,,,55.0,,,,,,,40,note_on,,60.0,55.0,60.0,5410,5.635416666666667,480,13.0_1.0,Pizzicato Strings
862,14.0,,,,,,,,,,,,48.0,,,,,,,0,note_on,,60.0,48.0,60.0,1430,1.4895833333333333,480,14.0_0.0,Pizzicato Strings
863,9.0,,,,,,,,,,,,40.0,,,,,,,10,note_on,,10.0,40.0,10.0,10585,11.026041666666666,480,9.0_2.0,String Ensemble 1
864,9.0,,,,,,,,,,,,40.0,,,,,,,30,note_off,,10.0,40.0,10.0,10615,11.057291666666666,480,9.0_2.0,String Ensemble 1
865,13.0,,,,,,,,,,,,55.0,,,,,,,160,note_off,,60.0,55.0,60.0,5570,5.802083333333333,480,13.0_1.0,Pizzicato Strings
866,14.0,,,,,,,,,,,,48.0,,,,,,,0,note_off,,60.0,48.0,60.0,1430,1.4895833333333333,480,14.0_0.0,Pizzicato Strings
867,0.0,,,,,,,,,,,,65.0,,,,,,,5,note_off,,60.0,65.0,60.0,3650,3.8020833333333335,480,0.0_0.0,Flute
868,0.0,,,,,,,,,,,,65.0,,,,,,,35,note_on,,60.0,65.0,60.0,3685,3.8385416666666665,480,0.0_0.0,Flute
869,9.0,,,,,,,,,,,,40.0,,,,,,,10,note_on,,10.0,40.0,10.0,10625,11.067708333333334,480,9.0_2.0,String Ensemble 1
870,9.0,,,,,,,,,,,,40.0,,,,,,,30,note_off,,10.0,40.0,10.0,10655,11.098958333333334,480,9.0_2.0,String Ensemble 1
871,0.0,,,,,,,,,,,,65.0,,,,,,,40,note_off,,60.0,65.0,60.0,3725,3.8802083333333335,480,0.0_0.0,Flute
872,9.0,,,,,,,,,,,,40.0,,,,,,,10,note_on,,10.0,40.0,10.0,10665,11.109375,480,9.0_2.0,String Ensemble 1
873,0.0,,,,,,,,,,,,65.0,,,,,,,30,note_on,,60.0,65.0,60.0,3755,3.9114583333333335,480,0.0_0.0,Flute
874,9.0,,,,,,,,,,,,40.0,,,,,,,0,note_off,,10.0,40.0,10.0,10665,11.109375,480,9.0_2.0,String Ensemble 1
875,9.0,,,,,,,,,,,,40.0,,,,,,,50,note_on,,10.0,40.0,10.0,10715,11.161458333333334,480,9.0_2.0,String Ensemble 1
876,0.0,,,,,,,,,,,,65.0,,,,,,,30,note_off,,60.0,65.0,60.0,3785,3.9427083333333335,480,0.0_0.0,Flute
877,9.0,,,,,,,,,,,,40.0,,,,,,,0,note_off,,10.0,40.0,10.0,10715,11.161458333333334,480,9.0_2.0,String Ensemble 1
878,0.0,,,,,,,,,,,,65.0,,,,,,,40,note_on,,60.0,65.0,60.0,3825,3.984375,480,0.0_0.0,Flute
879,13.0,,,,,,,,,,,,55.0,,,,,,,0,note_on,,60.0,55.0,60.0,5570,5.802083333333333,480,13.0_1.0,Pizzicato Strings
880,13.0,,,,,,,,,,,,67.0,,,,,,,0,note_on,,60.0,67.0,60.0,5570,5.802083333333333,480,13.0_1.0,Pizzicato Strings
881,9.0,,,,,,,,,,,,40.0,,,,,,,10,note_on,,10.0,40.0,10.0,10725,11.171875,480,9.0_2.0,String Ensemble 1
882,9.0,,,,,,,,,,,,40.0,,,,,,,30,note_off,,10.0,40.0,10.0,10755,11.203125,480,9.0_2.0,String Ensemble 1
883,0.0,,,,,,,,,,,,65.0,,,,,,,160,note_off,,60.0,65.0,60.0,3985,4.151041666666667,480,0.0_1.0,Flute
884,13.0,,,,,,,,,,,,55.0,,,,,,,0,note_off,,60.0,55.0,60.0,5570,5.802083333333333,480,13.0_1.0,Pizzicato Strings
885,13.0,,,,,,,,,,,,67.0,,,,,,,0,note_off,,60.0,67.0,60.0,5570,5.802083333333333,480,13.0_1.0,Pizzicato Strings
886,0.0,,,,,,,,,,,,69.0,,,,,,,40,note_on,,60.0,69.0,60.0,4025,4.192708333333333,480,0.0_1.0,Flute
887,9.0,,,,,,,,,,,,40.0,,,,,,,10,note_on,,10.0,40.0,10.0,10765,11.213541666666666,480,9.0_2.0,String Ensemble 1
888,9.0,,,,,,,,,,,,40.0,,,,,,,30,note_off,,10.0,40.0,10.0,10795,11.244791666666666,480,9.0_2.0,String Ensemble 1
889,,,,,,,,,,,,,,,,,,,,0,end_of_track,,,,,4549045872,4738589.45,480,nan_1184647.0,
