,channel,clocks_per_click,control,data,denominator,name,notated_32nd_notes_per_beat,note,numerator,program,tempo,time,type,value,velocity,note_midi_value,note_velocity,note_time,note_seconds,tpb,channel_chunk,instrument
0,,,,,,0449DEMO,,,,,,0,track_name,,,,,0,0.0,384,nan_0.0,
1,,24.0,,,4.0,,8.0,,4.0,,,0,time_signature,,,,,-250,-0.3255208333333333,384,nan_-1.0,
2,,,,,,,,,,,300000.0,0,set_tempo,,,,,0,0.0,384,nan_0.0,
3,,,,"[126, 127, 9, 1]",,,,,,,,10,sysex,,,,,-250,-0.3255208333333333,384,nan_-1.0,
4,,,,"[65, 16, 66, 18, 64, 0, 127, 0, 65]",,,,,,,,14,sysex,,,,,-1,-0.0013020833333333333,384,nan_-1.0,
5,,,,"[65, 16, 66, 18, 64, 1, 16, 2, 0, 1, 3, 2, 2, 2, 2, 2, 2, 1, 1, 1, 1, 1, 1, 23]",,,,,,,,24,sysex,,,,,-1,-0.0013020833333333333,384,nan_-1.0,
6,,,,"[65, 16, 66, 18, 64, 1, 51, 90, 50]",,,,,,,,24,sysex,,,,,-1,-0.0013020833333333333,384,nan_-1.0,
7,,,,"[65, 16, 66, 18, 64, 1, 58, 90, 43]",,,,,,,,40,sysex,,,,,-1,-0.0013020833333333333,384,nan_-1.0,
8,1.0,,121.0,,,,,,,,,212,control_change,0.0,,,,212,0.27604166666666663,384,1.0_0.0,Acoustic Bass
9,2.0,,121.0,,,,,,,,,4,control_change,0.0,,,,4,0.005208333333333333,384,2.0_0.0,Acoustic Grand Piano
10,3.0,,121.0,,,,,,,,,4,control_change,0.0,,,,4,0.005208333333333333,384,3.0_0.0,Trumpet
11,4.0,,121.0,,,,,,,,,4,control_change,0.0,,,,4,0.005208333333333333,384,4.0_0.0,Alto Sax
12,9.0,,121.0,,,,,,,,,20,control_change,0.0,,,,20,0.026041666666666664,384,9.0_0.0,Violin
13,0.0,,0.0,,,,,,,,,28,control_change,0.0,,,,28,0.03645833333333333,384,0.0_0.0,Acoustic Grand Piano
14,0.0,,32.0,,,,,,,,,4,control_change,0.0,,,,32,0.041666666666666664,384,0.0_0.0,Acoustic Grand Piano
15,0.0,,,,,,,,,0.0,,4,program_change,,,,,36,0.046875,384,0.0_0.0,Acoustic Grand Piano
16,1.0,,0.0,,,,,,,,,12,control_change,0.0,,,,224,0.29166666666666663,384,1.0_0.0,Acoustic Bass
17,1.0,,32.0,,,,,,,,,4,control_change,0.0,,,,228,0.296875,384,1.0_0.0,Acoustic Bass
18,1.0,,,,,,,,,32.0,,4,program_change,,,,,232,0.3020833333333333,384,1.0_0.0,Acoustic Bass
19,1.0,,7.0,,,,,,,,,4,control_change,100.0,,,,236,0.30729166666666663,384,1.0_0.0,Acoustic Bass
20,1.0,,10.0,,,,,,,,,0,control_change,94.0,,,,236,0.30729166666666663,384,1.0_0.0,Acoustic Bass
21,1.0,,11.0,,,,,,,,,0,control_change,127.0,,,,236,0.30729166666666663,384,1.0_0.0,Acoustic Bass
22,1.0,,91.0,,,,,,,,,4,control_change,40.0,,,,240,0.3125,384,1.0_0.0,Acoustic Bass
23,1.0,,93.0,,,,,,,,,0,control_change,0.0,,,,240,0.3125,384,1.0_0.0,Acoustic Bass
24,2.0,,0.0,,,,,,,,,4,control_change,0.0,,,,8,0.010416666666666666,384,2.0_0.0,Acoustic Grand Piano
25,2.0,,32.0,,,,,,,,,4,control_change,0.0,,,,12,0.015625,384,2.0_0.0,Acoustic Grand Piano
26,2.0,,,,,,,,,0.0,,4,program_change,,,,,16,0.020833333333333332,384,2.0_0.0,Acoustic Grand Piano
27,2.0,,7.0,,,,,,,,,4,control_change,100.0,,,,20,0.026041666666666664,384,2.0_0.0,Acoustic Grand Piano
28,2.0,,10.0,,,,,,,,,0,control_change,34.0,,,,20,0.026041666666666664,384,2.0_0.0,Acoustic Grand Piano
29,2.0,,11.0,,,,,,,,,0,control_change,127.0,,,,20,0.026041666666666664,384,2.0_0.0,Acoustic Grand Piano
30,2.0,,91.0,,,,,,,,,4,control_change,45.0,,,,24,0.03125,384,2.0_0.0,Acoustic Grand Piano
31,2.0,,93.0,,,,,,,,,0,control_change,0.0,,,,24,0.03125,384,2.0_0.0,Acoustic Grand Piano
32,3.0,,0.0,,,,,,,,,4,control_change,0.0,,,,8,0.010416666666666666,384,3.0_0.0,Trumpet
33,3.0,,32.0,,,,,,,,,4,control_change,0.0,,,,12,0.015625,384,3.0_0.0,Trumpet
34,3.0,,,,,,,,,56.0,,4,program_change,,,,,16,0.020833333333333332,384,3.0_0.0,Trumpet
35,3.0,,7.0,,,,,,,,,4,control_change,100.0,,,,20,0.026041666666666664,384,3.0_0.0,Trumpet
36,3.0,,10.0,,,,,,,,,0,control_change,44.0,,,,20,0.026041666666666664,384,3.0_0.0,Trumpet
37,3.0,,11.0,,,,,,,,,0,control_change,127.0,,,,20,0.026041666666666664,384,3.0_0.0,Trumpet
38,3.0,,91.0,,,,,,,,,4,control_change,100.0,,,,24,0.03125,384,3.0_0.0,Trumpet
39,3.0,,93.0,,,,,,,,,0,control_change,0.0,,,,24,0.03125,384,3.0_0.0,Trumpet
40,4.0,,0.0,,,,,,,,,4,control_change,0.0,,,,8,0.010416666666666666,384,4.0_0.0,Alto Sax
41,4.0,,32.0,,,,,,,,,4,control_change,0.0,,,,12,0.015625,384,4.0_0.0,Alto Sax
42,4.0,,,,,,,,,65.0,,4,program_change,,,,,16,0.020833333333333332,384,4.0_0.0,Alto Sax
43,4.0,,7.0,,,,,,,,,4,control_change,100.0,,,,20,0.026041666666666664,384,4.0_0.0,Alto Sax
44,4.0,,10.0,,,,,,,,,0,control_change,84.0,,,,20,0.026041666666666664,384,4.0_0.0,Alto Sax
45,4.0,,11.0,,,,,,,,,0,control_change,127.0,,,,20,0.026041666666666664,384,4.0_0.0,Alto Sax
46,4.0,,91.0,,,,,,,,,4,control_change,85.0,,,,24,0.03125,384,4.0_0.0,Alto Sax
47,4.0,,93.0,,,,,,,,,0,control_change,0.0,,,,24,0.03125,384,4.0_0.0,Alto Sax
48,5.0,,0.0,,,,,,,,,4,control_change,0.0,,,,4,0.005208333333333333,384,5.0_0.0,Acoustic Grand Piano
49,5.0,,32.0,,,,,,,,,4,control_change,0.0,,,,8,0.010416666666666666,384,5.0_0.0,Acoustic Grand Piano
50,5.0,,,,,,,,,0.0,,4,program_change,,,,,12,0.015625,384,5.0_0.0,Acoustic Grand Piano
51,6.0,,0.0,,,,,,,,,12,control_change,0.0,,,,12,0.015625,384,6.0_0.0,Acoustic Grand Piano
52,6.0,,32.0,,,,,,,,,4,control_change,0.0,,,,16,0.020833333333333332,384,6.0_0.0,Acoustic Grand Piano
53,6.0,,,,,,,,,0.0,,4,program_change,,,,,20,0.026041666666666664,384,6.0_0.0,Acoustic Grand Piano
54,7.0,,0.0,,,,,,,,,12,control_change,0.0,,,,12,0.015625,384,7.0_0.0,Acoustic Grand Piano
55,7.0,,32.0,,,,,,,,,4,control_change,0.0,,,,16,0.020833333333333332,384,7.0_0.0,Acoustic Grand Piano
56,7.0,,,,,,,,,0.0,,4,program_change,,,,,20,0.026041666666666664,384,7.0_0.0,Acoustic Grand Piano
57,8.0,,0.0,,,,,,,,,12,control_change,0.0,,,,12,0.015625,384,8.0_0.0,Acoustic Grand Piano
58,8.0,,32.0,,,,,,,,,4,control_change,0.0,,,,16,0.020833333333333332,384,8.0_0.0,Acoustic Grand Piano
59,8.0,,,,,,,,,0.0,,4,program_change,,,,,20,0.026041666666666664,384,8.0_0.0,Acoustic Grand Piano
60,9.0,,0.0,,,,,,,,,12,control_change,0.0,,,,32,0.041666666666666664,384,9.0_0.0,Violin
61,9.0,,32.0,,,,,,,,,4,control_change,0.0,,,,36,0.046875,384,9.0_0.0,Violin
62,9.0,,,,,,,,,40.0,,4,program_change,,,,,40,0.05208333333333333,384,9.0_0.0,Violin
63,9.0,,7.0,,,,,,,,,4,control_change,100.0,,,,44,0.057291666666666664,384,9.0_0.0,Violin
64,9.0,,10.0,,,,,,,,,0,control_change,64.0,,,,44,0.057291666666666664,384,9.0_0.0,Violin
65,9.0,,11.0,,,,,,,,,0,control_change,127.0,,,,44,0.057291666666666664,384,9.0_0.0,Violin
66,9.0,,91.0,,,,,,,,,4,control_change,60.0,,,,48,0.0625,384,9.0_0.0,Violin
67,9.0,,93.0,,,,,,,,,0,control_change,0.0,,,,48,0.0625,384,9.0_0.0,Violin
68,10.0,,0.0,,,,,,,,,4,control_change,0.0,,,,4,0.005208333333333333,384,10.0_0.0,Acoustic Grand Piano
69,10.0,,32.0,,,,,,,,,4,control_change,0.0,,,,8,0.010416666666666666,384,10.0_0.0,Acoustic Grand Piano
70,10.0,,,,,,,,,0.0,,4,program_change,,,,,12,0.015625,384,10.0_0.0,Acoustic Grand Piano
71,11.0,,0.0,,,,,,,,,12,control_change,0.0,,,,12,0.015625,384,11.0_0.0,Acoustic Grand Piano
72,11.0,,32.0,,,,,,,,,4,control_change,0.0,,,,16,0.020833333333333332,384,11.0_0.0,Acoustic Grand Piano
73,11.0,,,,,,,,,0.0,,4,program_change,,,,,20,0.026041666666666664,384,11.0_0.0,Acoustic Grand Piano
74,12.0,,0.0,,,,,,,,,12,control_change,0.0,,,,12,0.015625,384,12.0_0.0,Acoustic Grand Piano
75,12.0,,32.0,,,,,,,,,4,control_change,0.0,,,,16,0.020833333333333332,384,12.0_0.0,Acoustic Grand Piano
76,12.0,,,,,,,,,0.0,,4,program_change,,,,,20,0.026041666666666664,384,12.0_0.0,Acoustic Grand Piano
77,13.0,,0.0,,,,,,,,,12,control_change,0.0,,,,12,0.015625,384,13.0_0.0,Acoustic Grand Piano
78,13.0,,32.0,,,,,,,,,4,control_change,0.0,,,,16,0.020833333333333332,384,13.0_0.0,Acoustic Grand Piano
79,13.0,,,,,,,,,0.0,,4,program_change,,,,,20,0.026041666666666664,384,13.0_0.0,Acoustic Grand Piano
80,14.0,,0.0,,,,,,,,,12,control_change,0.0,,,,12,0.015625,384,14.0_0.0,Acoustic Grand Piano
81,14.0,,32.0,,,,,,,,,4,control_change,0.0,,,,16,0.020833333333333332,384,14.0_0.0,Acoustic Grand Piano
82,14.0,,,,,,,,,0.0,,4,program_change,,,,,20,0.026041666666666664,384,14.0_0.0,Acoustic Grand Piano
83,15.0,,0.0,,,,,,,,,12,control_change,0.0,,,,12,0.015625,384,15.0_0.0,Acoustic Grand Piano
84,15.0,,32.0,,,,,,,,,4,control_change,0.0,,,,16,0.020833333333333332,384,15.0_0.0,Acoustic Grand Piano
85,15.0,,,,,,,,,0.0,,4,program_change,,,,,20,0.026041666666666664,384,15.0_0.0,Acoustic Grand Piano
86,1.0,,101.0,,,,,,,,,96,control_change,0.0,,,,336,0.4375,384,1.0_0.0,Acoustic Bass
87,1.0,,100.0,,,,,,,,,4,control_change,0.0,,,,340,0.4427083333333333,384,1.0_0.0,Acoustic Bass
88,1.0,,6.0,,,,,,,,,4,control_change,12.0,,,,344,0.44791666666666663,384,1.0_0.0,Acoustic Bass
89,1.0,,101.0,,,,,,,,,4,control_change,127.0,,,,348,0.453125,384,1.0_0.0,Acoustic Bass
90,1.0,,100.0,,,,,,,,,4,control_change,127.0,,,,352,0.4583333333333333,384,1.0_0.0,Acoustic Bass
91,2.0,,101.0,,,,,,,,,4,control_change,0.0,,,,28,0.03645833333333333,384,2.0_0.0,Acoustic Grand Piano
92,2.0,,100.0,,,,,,,,,4,control_change,0.0,,,,32,0.041666666666666664,384,2.0_0.0,Acoustic Grand Piano
93,2.0,,6.0,,,,,,,,,4,control_change,12.0,,,,36,0.046875,384,2.0_0.0,Acoustic Grand Piano
94,2.0,,101.0,,,,,,,,,4,control_change,127.0,,,,40,0.05208333333333333,384,2.0_0.0,Acoustic Grand Piano
95,2.0,,100.0,,,,,,,,,4,control_change,127.0,,,,44,0.057291666666666664,384,2.0_0.0,Acoustic Grand Piano
96,3.0,,101.0,,,,,,,,,4,control_change,0.0,,,,28,0.03645833333333333,384,3.0_0.0,Trumpet
97,3.0,,100.0,,,,,,,,,4,control_change,0.0,,,,32,0.041666666666666664,384,3.0_0.0,Trumpet
98,3.0,,6.0,,,,,,,,,4,control_change,12.0,,,,36,0.046875,384,3.0_0.0,Trumpet
99,3.0,,101.0,,,,,,,,,4,control_change,127.0,,,,40,0.05208333333333333,384,3.0_0.0,Trumpet
100,3.0,,100.0,,,,,,,,,4,control_change,127.0,,,,44,0.057291666666666664,384,3.0_0.0,Trumpet
101,4.0,,101.0,,,,,,,,,4,control_change,0.0,,,,28,0.03645833333333333,384,4.0_0.0,Alto Sax
102,4.0,,100.0,,,,,,,,,4,control_change,0.0,,,,32,0.041666666666666664,384,4.0_0.0,Alto Sax
103,4.0,,6.0,,,,,,,,,4,control_change,12.0,,,,36,0.046875,384,4.0_0.0,Alto Sax
104,4.0,,101.0,,,,,,,,,4,control_change,127.0,,,,40,0.05208333333333333,384,4.0_0.0,Alto Sax
105,4.0,,100.0,,,,,,,,,4,control_change,127.0,,,,44,0.057291666666666664,384,4.0_0.0,Alto Sax
106,9.0,,101.0,,,,,,,,,84,control_change,0.0,,,,132,0.171875,384,9.0_0.0,Violin
107,9.0,,100.0,,,,,,,,,4,control_change,0.0,,,,136,0.17708333333333331,384,9.0_0.0,Violin
108,9.0,,6.0,,,,,,,,,4,control_change,12.0,,,,140,0.18229166666666666,384,9.0_0.0,Violin
109,9.0,,101.0,,,,,,,,,4,control_change,127.0,,,,144,0.1875,384,9.0_0.0,Violin
110,9.0,,100.0,,,,,,,,,4,control_change,127.0,,,,148,0.19270833333333331,384,9.0_0.0,Violin
111,,,,,,,,,,,375000.0,469,set_tempo,,,,,-1,-0.0013020833333333333,384,nan_-1.0,
112,9.0,,,,,,,44.0,,,,103,note_on,,84.0,44.0,84.0,251,0.32682291666666663,384,9.0_0.0,Violin
113,9.0,,,,,,,44.0,,,,4,note_off,,84.0,44.0,84.0,255,0.33203125,384,9.0_0.0,Violin
114,2.0,,,,,,,38.0,,,,256,note_on,,106.0,38.0,106.0,300,0.390625,384,2.0_0.0,Acoustic Grand Piano
115,1.0,,,,,,,38.0,,,,20,note_on,,121.0,38.0,121.0,372,0.484375,384,1.0_0.0,Acoustic Bass
116,1.0,,,,,,,38.0,,,,124,note_off,,121.0,38.0,121.0,496,0.6458333333333333,384,1.0_0.0,Acoustic Bass
117,1.0,,,,,,,45.0,,,,2,note_on,,105.0,45.0,105.0,498,0.6484375,384,1.0_0.0,Acoustic Bass
118,2.0,,,,,,,38.0,,,,18,note_off,,106.0,38.0,106.0,318,0.4140625,384,2.0_0.0,Acoustic Grand Piano
119,2.0,,,,,,,45.0,,,,0,note_on,,103.0,45.0,103.0,318,0.4140625,384,2.0_0.0,Acoustic Grand Piano
120,1.0,,,,,,,45.0,,,,168,note_off,,105.0,45.0,105.0,666,0.8671875,384,1.0_0.0,Acoustic Bass
121,1.0,,,,,,,47.0,,,,64,note_on,,109.0,47.0,109.0,730,0.9505208333333333,384,1.0_0.0,Acoustic Bass
122,2.0,,,,,,,45.0,,,,26,note_off,,103.0,45.0,103.0,344,0.44791666666666663,384,2.0_0.0,Acoustic Grand Piano
123,2.0,,,,,,,47.0,,,,4,note_on,,108.0,47.0,108.0,348,0.453125,384,2.0_0.0,Acoustic Grand Piano
124,1.0,,,,,,,47.0,,,,96,note_off,,109.0,47.0,109.0,826,1.0755208333333333,384,1.0_0.0,Acoustic Bass
125,1.0,,,,,,,48.0,,,,26,note_on,,120.0,48.0,120.0,852,1.109375,384,1.0_0.0,Acoustic Bass
126,2.0,,,,,,,47.0,,,,14,note_off,,108.0,47.0,108.0,362,0.47135416666666663,384,2.0_0.0,Acoustic Grand Piano
127,2.0,,,,,,,48.0,,,,14,note_on,,102.0,48.0,102.0,376,0.4895833333333333,384,2.0_0.0,Acoustic Grand Piano
128,1.0,,,,,,,48.0,,,,184,note_off,,120.0,48.0,120.0,1036,1.3489583333333333,384,1.0_0.0,Acoustic Bass
129,2.0,,,,,,,48.0,,,,2,note_off,,102.0,48.0,102.0,378,0.4921875,384,2.0_0.0,Acoustic Grand Piano
130,1.0,,,,,,,50.0,,,,10,note_on,,107.0,50.0,107.0,1046,1.3619791666666665,384,1.0_0.0,Acoustic Bass
131,2.0,,,,,,,50.0,,,,30,note_on,,110.0,50.0,110.0,408,0.53125,384,2.0_0.0,Acoustic Grand Piano
132,,,,"[65, 16, 69, 18, 16, 0, 0, 80, 114, 111, 103, 114, 97, 109, 109, 101, 100, 32, 98, 121, 32, 72, 97, 110, 100, 115, 32, 79, 110, 46, 32, 32, 14]",,,,,,,,3,sysex,,,,,-1,-0.0013020833333333333,384,nan_-1.0,
133,9.0,,,,,,,44.0,,,,115,note_on,,86.0,44.0,86.0,370,0.4817708333333333,384,9.0_0.0,Violin
134,1.0,,,,,,,52.0,,,,2,note_on,,113.0,52.0,113.0,1048,1.3645833333333333,384,1.0_0.0,Acoustic Bass
135,9.0,,,,,,,44.0,,,,2,note_off,,86.0,44.0,86.0,372,0.484375,384,9.0_0.0,Violin
136,1.0,,,,,,,50.0,,,,12,note_off,,107.0,50.0,107.0,1060,1.3802083333333333,384,1.0_0.0,Acoustic Bass
137,2.0,,,,,,,50.0,,,,28,note_off,,110.0,50.0,110.0,436,0.5677083333333333,384,2.0_0.0,Acoustic Grand Piano
138,2.0,,,,,,,52.0,,,,0,note_on,,106.0,52.0,106.0,436,0.5677083333333333,384,2.0_0.0,Acoustic Grand Piano
139,,,,"[65, 16, 69, 18, 16, 1, 0, 3, 20, 20, 23, 30, 22, 23, 20, 3, 2, 2, 2, 2, 3, 0, 0, 16, 31, 25, 25, 25, 25, 25, 0, 27, 10, 10, 10, 10, 26, 0, 0, 28, 23, 22, 22, 23, 28, 0, 3, 24, 8, 8, 8, 8, 8, 0, 0, 0, 31, 0, 0, 31, 31, 31, 31, 0, 0, 0, 0, 0, 0, 0, 0, 71]",,,,,,,,124,sysex,,,,,-1,-0.0013020833333333333,384,nan_-1.0,
140,1.0,,,,,,,52.0,,,,44,note_off,,113.0,52.0,113.0,1104,1.4375,384,1.0_0.0,Acoustic Bass
141,1.0,,,,,,,48.0,,,,40,note_on,,98.0,48.0,98.0,1144,1.4895833333333333,384,1.0_0.0,Acoustic Bass
142,2.0,,,,,,,48.0,,,,28,note_on,,105.0,48.0,105.0,464,0.6041666666666666,384,2.0_0.0,Acoustic Grand Piano
143,2.0,,,,,,,52.0,,,,14,note_off,,106.0,52.0,106.0,478,0.6223958333333333,384,2.0_0.0,Acoustic Grand Piano
144,1.0,,,,,,,48.0,,,,94,note_off,,98.0,48.0,98.0,1238,1.6119791666666665,384,1.0_0.0,Acoustic Bass
145,1.0,,,,,,,50.0,,,,28,note_on,,106.0,50.0,106.0,1266,1.6484375,384,1.0_0.0,Acoustic Bass
146,2.0,,,,,,,48.0,,,,4,note_off,,105.0,48.0,105.0,482,0.6276041666666666,384,2.0_0.0,Acoustic Grand Piano
147,2.0,,,,,,,50.0,,,,14,note_on,,98.0,50.0,98.0,496,0.6458333333333333,384,2.0_0.0,Acoustic Grand Piano
148,9.0,,,,,,,44.0,,,,324,note_on,,92.0,44.0,92.0,696,0.90625,384,9.0_0.0,Violin
149,9.0,,,,,,,44.0,,,,4,note_off,,92.0,44.0,92.0,700,0.9114583333333333,384,9.0_0.0,Violin
150,3.0,,,,,,,71.0,,,,376,note_on,,127.0,71.0,127.0,420,0.546875,384,3.0_0.0,Trumpet
151,2.0,,,,,,,71.0,,,,2,note_on,,112.0,71.0,112.0,498,0.6484375,384,2.0_0.0,Acoustic Grand Piano
152,2.0,,,,,,,57.0,,,,2,note_on,,93.0,57.0,93.0,500,0.6510416666666666,384,2.0_0.0,Acoustic Grand Piano
153,2.0,,,,,,,62.0,,,,0,note_on,,106.0,62.0,106.0,500,0.6510416666666666,384,2.0_0.0,Acoustic Grand Piano
154,2.0,,,,,,,67.0,,,,0,note_on,,106.0,67.0,106.0,500,0.6510416666666666,384,2.0_0.0,Acoustic Grand Piano
155,2.0,,,,,,,52.0,,,,2,note_on,,100.0,52.0,100.0,502,0.6536458333333333,384,2.0_0.0,Acoustic Grand Piano
156,9.0,,,,,,,39.0,,,,32,note_on,,85.0,39.0,85.0,732,0.953125,384,9.0_0.0,Violin
157,9.0,,,,,,,39.0,,,,4,note_off,,85.0,39.0,85.0,736,0.9583333333333333,384,9.0_0.0,Violin
158,4.0,,,,,,,62.0,,,,0,note_on,,124.0,62.0,124.0,44,0.057291666666666664,384,4.0_0.0,Alto Sax
159,2.0,,,,,,,57.0,,,,338,note_off,,93.0,57.0,93.0,840,1.09375,384,2.0_0.0,Acoustic Grand Piano
160,2.0,,,,,,,62.0,,,,10,note_off,,106.0,62.0,106.0,850,1.1067708333333333,384,2.0_0.0,Acoustic Grand Piano
161,9.0,,,,,,,44.0,,,,8,note_on,,86.0,44.0,86.0,744,0.96875,384,9.0_0.0,Violin
162,9.0,,,,,,,44.0,,,,4,note_off,,86.0,44.0,86.0,748,0.9739583333333333,384,9.0_0.0,Violin
163,,,,"[65, 16, 69, 18, 16, 1, 0, 28, 11, 11, 8, 1, 9, 8, 11, 31, 28, 29, 29, 29, 29, 28, 31, 16, 32, 6, 6, 6, 6, 6, 22, 31, 4, 21, 21, 21, 21, 5, 31, 3, 8, 9, 9, 8, 11, 3, 28, 31, 7, 23, 23, 23, 23, 23, 31, 31, 0, 31, 31, 0, 0, 0, 0, 31, 31, 31, 31, 31, 31, 31, 31, 83]",,,,,,,,28,sysex,,,,,-1,-0.0013020833333333333,384,nan_-1.0,
164,2.0,,,,,,,71.0,,,,46,note_off,,112.0,71.0,112.0,896,1.1666666666666665,384,2.0_0.0,Acoustic Grand Piano
165,2.0,,,,,,,67.0,,,,6,note_off,,106.0,67.0,106.0,902,1.1744791666666665,384,2.0_0.0,Acoustic Grand Piano
166,4.0,,,,,,,62.0,,,,84,note_off,,124.0,62.0,124.0,128,0.16666666666666666,384,4.0_0.0,Alto Sax
167,3.0,,,,,,,71.0,,,,32,note_off,,127.0,71.0,127.0,452,0.5885416666666666,384,3.0_0.0,Trumpet
168,2.0,,,,,,,52.0,,,,8,note_off,,100.0,52.0,100.0,910,1.1848958333333333,384,2.0_0.0,Acoustic Grand Piano
169,3.0,,,,,,,69.0,,,,20,note_on,,110.0,69.0,110.0,472,0.6145833333333333,384,3.0_0.0,Trumpet
170,4.0,,,,,,,60.0,,,,6,note_on,,117.0,60.0,117.0,134,0.17447916666666666,384,4.0_0.0,Alto Sax
171,9.0,,,,,,,39.0,,,,6,note_on,,90.0,39.0,90.0,754,0.9817708333333333,384,9.0_0.0,Violin
172,9.0,,,,,,,39.0,,,,4,note_off,,90.0,39.0,90.0,758,0.9869791666666666,384,9.0_0.0,Violin
173,2.0,,,,,,,60.0,,,,10,note_on,,100.0,60.0,100.0,920,1.1979166666666665,384,2.0_0.0,Acoustic Grand Piano
174,2.0,,,,,,,65.0,,,,0,note_on,,106.0,65.0,106.0,920,1.1979166666666665,384,2.0_0.0,Acoustic Grand Piano
175,2.0,,,,,,,69.0,,,,14,note_on,,105.0,69.0,105.0,934,1.2161458333333333,384,2.0_0.0,Acoustic Grand Piano
176,2.0,,,,,,,55.0,,,,14,note_on,,105.0,55.0,105.0,948,1.234375,384,2.0_0.0,Acoustic Grand Piano
177,2.0,,,,,,,50.0,,,,52,note_off,,98.0,50.0,98.0,1000,1.3020833333333333,384,2.0_0.0,Acoustic Grand Piano
178,2.0,,,,,,,55.0,,,,38,note_off,,105.0,55.0,105.0,1038,1.3515625,384,2.0_0.0,Acoustic Grand Piano
179,2.0,,,,,,,65.0,,,,14,note_off,,106.0,65.0,106.0,1052,1.3697916666666665,384,2.0_0.0,Acoustic Grand Piano
180,2.0,,,,,,,60.0,,,,0,note_off,,100.0,60.0,100.0,1052,1.3697916666666665,384,2.0_0.0,Acoustic Grand Piano
181,3.0,,,,,,,69.0,,,,8,note_off,,110.0,69.0,110.0,480,0.625,384,3.0_0.0,Trumpet
182,2.0,,,,,,,69.0,,,,18,note_off,,105.0,69.0,105.0,1070,1.3932291666666665,384,2.0_0.0,Acoustic Grand Piano
183,4.0,,,,,,,60.0,,,,28,note_off,,117.0,60.0,117.0,162,0.2109375,384,4.0_0.0,Alto Sax
184,1.0,,,,,,,50.0,,,,118,note_off,,106.0,50.0,106.0,1384,1.8020833333333333,384,1.0_0.0,Acoustic Bass
185,1.0,,,,,,,38.0,,,,62,note_on,,127.0,38.0,127.0,1446,1.8828125,384,1.0_0.0,Acoustic Bass
186,2.0,,,,,,,38.0,,,,18,note_on,,107.0,38.0,107.0,1088,1.4166666666666665,384,2.0_0.0,Acoustic Grand Piano
187,1.0,,,,,,,38.0,,,,108,note_off,,127.0,38.0,127.0,1554,2.0234375,384,1.0_0.0,Acoustic Bass
188,1.0,,,,,,,45.0,,,,2,note_on,,106.0,45.0,106.0,1556,2.0260416666666665,384,1.0_0.0,Acoustic Bass
189,9.0,,,,,,,44.0,,,,10,note_on,,86.0,44.0,86.0,768,1.0,384,9.0_0.0,Violin
190,9.0,,,,,,,44.0,,,,4,note_off,,86.0,44.0,86.0,772,1.0052083333333333,384,9.0_0.0,Violin
191,2.0,,,,,,,45.0,,,,40,note_on,,100.0,45.0,100.0,1128,1.46875,384,2.0_0.0,Acoustic Grand Piano
192,2.0,,,,,,,38.0,,,,14,note_off,,107.0,38.0,107.0,1142,1.4869791666666665,384,2.0_0.0,Acoustic Grand Piano
193,1.0,,,,,,,45.0,,,,142,note_off,,106.0,45.0,106.0,1698,2.2109375,384,1.0_0.0,Acoustic Bass
194,2.0,,,,,,,45.0,,,,6,note_off,,100.0,45.0,100.0,1148,1.4947916666666665,384,2.0_0.0,Acoustic Grand Piano
195,1.0,,,,,,,47.0,,,,34,note_on,,103.0,47.0,103.0,1732,2.255208333333333,384,1.0_0.0,Acoustic Bass
196,2.0,,,,,,,47.0,,,,6,note_on,,102.0,47.0,102.0,1154,1.5026041666666665,384,2.0_0.0,Acoustic Grand Piano
197,1.0,,,,,,,47.0,,,,108,note_off,,103.0,47.0,103.0,1840,2.395833333333333,384,1.0_0.0,Acoustic Bass
198,1.0,,,,,,,48.0,,,,26,note_on,,109.0,48.0,109.0,1866,2.4296875,384,1.0_0.0,Acoustic Bass
199,2.0,,,,,,,48.0,,,,20,note_on,,110.0,48.0,110.0,1174,1.5286458333333333,384,2.0_0.0,Acoustic Grand Piano
200,2.0,,,,,,,47.0,,,,38,note_off,,102.0,47.0,102.0,1212,1.578125,384,2.0_0.0,Acoustic Grand Piano
201,2.0,,,,,,,48.0,,,,136,note_off,,110.0,48.0,110.0,1348,1.7552083333333333,384,2.0_0.0,Acoustic Grand Piano
202,1.0,,,,,,,50.0,,,,42,note_on,,111.0,50.0,111.0,1908,2.484375,384,1.0_0.0,Acoustic Bass
203,1.0,,,,,,,48.0,,,,2,note_off,,109.0,48.0,109.0,1910,2.4869791666666665,384,1.0_0.0,Acoustic Bass
204,2.0,,,,,,,50.0,,,,8,note_on,,107.0,50.0,107.0,1356,1.765625,384,2.0_0.0,Acoustic Grand Piano
205,9.0,,,,,,,44.0,,,,122,note_on,,101.0,44.0,101.0,894,1.1640625,384,9.0_0.0,Violin
206,9.0,,,,,,,44.0,,,,4,note_off,,101.0,44.0,101.0,898,1.1692708333333333,384,9.0_0.0,Violin
207,2.0,,,,,,,52.0,,,,14,note_on,,97.0,52.0,97.0,1370,1.7838541666666665,384,2.0_0.0,Acoustic Grand Piano
208,1.0,,,,,,,52.0,,,,4,note_on,,110.0,52.0,110.0,1914,2.4921875,384,1.0_0.0,Acoustic Bass
209,2.0,,,,,,,50.0,,,,10,note_off,,107.0,50.0,107.0,1380,1.796875,384,2.0_0.0,Acoustic Grand Piano
210,1.0,,,,,,,50.0,,,,4,note_off,,111.0,50.0,111.0,1918,2.497395833333333,384,1.0_0.0,Acoustic Bass
211,2.0,,,,,,,52.0,,,,194,note_off,,97.0,52.0,97.0,1574,2.0494791666666665,384,2.0_0.0,Acoustic Grand Piano
212,1.0,,,,,,,52.0,,,,6,note_off,,110.0,52.0,110.0,1924,2.505208333333333,384,1.0_0.0,Acoustic Bass
213,2.0,,,,,,,48.0,,,,22,note_on,,99.0,48.0,99.0,1596,2.078125,384,2.0_0.0,Acoustic Grand Piano
214,1.0,,,,,,,48.0,,,,2,note_on,,97.0,48.0,97.0,1926,2.5078125,384,1.0_0.0,Acoustic Bass
215,,,,"[65, 16, 69, 18, 16, 1, 0, 0, 3, 20, 20, 23, 30, 22, 23, 20, 3, 2, 2, 2, 2, 3, 0, 0, 16, 31, 25, 25, 25, 25, 25, 0, 27, 10, 10, 10, 10, 26, 0, 0, 28, 23, 22, 22, 23, 28, 0, 3, 24, 8, 8, 8, 8, 8, 0, 0, 0, 31, 0, 0, 31, 31, 31, 31, 0, 0, 0, 0, 0, 0, 0, 71]",,,,,,,,42,sysex,,,,,-1,-0.0013020833333333333,384,nan_-1.0,
216,1.0,,,,,,,48.0,,,,84,note_off,,97.0,48.0,97.0,2010,2.6171875,384,1.0_0.0,Acoustic Bass
217,2.0,,,,,,,48.0,,,,12,note_off,,99.0,48.0,99.0,1608,2.09375,384,2.0_0.0,Acoustic Grand Piano
218,2.0,,,,,,,50.0,,,,0,note_on,,106.0,50.0,106.0,1608,2.09375,384,2.0_0.0,Acoustic Grand Piano
219,1.0,,,,,,,50.0,,,,4,note_on,,111.0,50.0,111.0,2014,2.622395833333333,384,1.0_0.0,Acoustic Bass
220,2.0,,,,,,,50.0,,,,172,note_off,,106.0,50.0,106.0,1780,2.317708333333333,384,2.0_0.0,Acoustic Grand Piano
221,2.0,,,,,,,45.0,,,,26,note_on,,103.0,45.0,103.0,1806,2.3515625,384,2.0_0.0,Acoustic Grand Piano
222,1.0,,,,,,,50.0,,,,14,note_off,,111.0,50.0,111.0,2028,2.640625,384,1.0_0.0,Acoustic Bass
223,1.0,,,,,,,45.0,,,,24,note_on,,101.0,45.0,101.0,2052,2.671875,384,1.0_0.0,Acoustic Bass
224,9.0,,,,,,,44.0,,,,124,note_on,,93.0,44.0,93.0,1022,1.3307291666666665,384,9.0_0.0,Violin
225,9.0,,,,,,,44.0,,,,4,note_off,,93.0,44.0,93.0,1026,1.3359375,384,9.0_0.0,Violin
226,2.0,,,,,,,67.0,,,,394,note_on,,106.0,67.0,106.0,2200,2.864583333333333,384,2.0_0.0,Acoustic Grand Piano
227,2.0,,,,,,,71.0,,,,0,note_on,,107.0,71.0,107.0,2200,2.864583333333333,384,2.0_0.0,Acoustic Grand Piano
228,4.0,,,,,,,62.0,,,,0,note_on,,126.0,62.0,126.0,162,0.2109375,384,4.0_0.0,Alto Sax
229,2.0,,,,,,,62.0,,,,2,note_on,,105.0,62.0,105.0,2202,2.8671875,384,2.0_0.0,Acoustic Grand Piano
230,3.0,,,,,,,71.0,,,,6,note_on,,127.0,71.0,127.0,486,0.6328125,384,3.0_0.0,Trumpet
231,2.0,,,,,,,52.0,,,,6,note_on,,99.0,52.0,99.0,2208,2.875,384,2.0_0.0,Acoustic Grand Piano
232,2.0,,,,,,,57.0,,,,2,note_on,,91.0,57.0,91.0,2210,2.8776041666666665,384,2.0_0.0,Acoustic Grand Piano
233,9.0,,,,,,,39.0,,,,30,note_on,,85.0,39.0,85.0,1056,1.375,384,9.0_0.0,Violin
234,9.0,,,,,,,39.0,,,,4,note_off,,85.0,39.0,85.0,1060,1.3802083333333333,384,9.0_0.0,Violin
235,2.0,,,,,,,57.0,,,,250,note_off,,91.0,57.0,91.0,2460,3.203125,384,2.0_0.0,Acoustic Grand Piano
236,9.0,,,,,,,44.0,,,,14,note_on,,86.0,44.0,86.0,1074,1.3984375,384,9.0_0.0,Violin
237,9.0,,,,,,,44.0,,,,4,note_off,,86.0,44.0,86.0,1078,1.4036458333333333,384,9.0_0.0,Violin
238,2.0,,,,,,,62.0,,,,60,note_off,,105.0,62.0,105.0,2520,3.28125,384,2.0_0.0,Acoustic Grand Piano
239,,,,"[65, 16, 69, 18, 16, 1, 0, 28, 11, 11, 8, 1, 9, 8, 11, 31, 28, 29, 29, 29, 29, 28, 31, 16, 32, 6, 6, 6, 6, 6, 22, 31, 4, 21, 21, 21, 21, 5, 31, 3, 8, 9, 9, 8, 11, 3, 28, 31, 7, 23, 23, 23, 23, 23, 31, 31, 0, 31, 31, 0, 0, 0, 0, 31, 31, 31, 31, 31, 31, 31, 31, 83]",,,,,,,,60,sysex,,,,,-1,-0.0013020833333333333,384,nan_-1.0,
240,2.0,,,,,,,67.0,,,,4,note_off,,106.0,67.0,106.0,2524,3.286458333333333,384,2.0_0.0,Acoustic Grand Piano
241,9.0,,,,,,,44.0,,,,10,note_on,,92.0,44.0,92.0,1088,1.4166666666666665,384,9.0_0.0,Violin
242,9.0,,,,,,,44.0,,,,4,note_off,,92.0,44.0,92.0,1092,1.421875,384,9.0_0.0,Violin
243,2.0,,,,,,,52.0,,,,12,note_off,,99.0,52.0,99.0,2536,3.302083333333333,384,2.0_0.0,Acoustic Grand Piano
244,2.0,,,,,,,71.0,,,,14,note_off,,107.0,71.0,107.0,2550,3.3203125,384,2.0_0.0,Acoustic Grand Piano
245,4.0,,,,,,,62.0,,,,96,note_off,,126.0,62.0,126.0,258,0.3359375,384,4.0_0.0,Alto Sax
246,2.0,,,,,,,65.0,,,,42,note_on,,106.0,65.0,106.0,2592,3.375,384,2.0_0.0,Acoustic Grand Piano
247,2.0,,,,,,,69.0,,,,0,note_on,,105.0,69.0,105.0,2592,3.375,384,2.0_0.0,Acoustic Grand Piano
248,2.0,,,,,,,55.0,,,,14,note_on,,95.0,55.0,95.0,2606,3.3932291666666665,384,2.0_0.0,Acoustic Grand Piano
249,2.0,,,,,,,60.0,,,,0,note_on,,100.0,60.0,100.0,2606,3.3932291666666665,384,2.0_0.0,Acoustic Grand Piano
250,3.0,,,,,,,71.0,,,,10,note_off,,127.0,71.0,127.0,496,0.6458333333333333,384,3.0_0.0,Trumpet
251,9.0,,,,,,,39.0,,,,2,note_on,,90.0,39.0,90.0,1094,1.4244791666666665,384,9.0_0.0,Violin
252,2.0,,,,,,,50.0,,,,2,note_on,,105.0,50.0,105.0,2608,3.395833333333333,384,2.0_0.0,Acoustic Grand Piano
253,9.0,,,,,,,39.0,,,,2,note_off,,90.0,39.0,90.0,1096,1.4270833333333333,384,9.0_0.0,Violin
254,3.0,,,,,,,69.0,,,,22,note_on,,114.0,69.0,114.0,518,0.6744791666666666,384,3.0_0.0,Trumpet
255,4.0,,,,,,,60.0,,,,0,note_on,,123.0,60.0,123.0,258,0.3359375,384,4.0_0.0,Alto Sax
256,2.0,,,,,,,55.0,,,,40,note_off,,95.0,55.0,95.0,2648,3.4479166666666665,384,2.0_0.0,Acoustic Grand Piano
257,9.0,,,,,,,44.0,,,,6,note_on,,95.0,44.0,95.0,1102,1.4348958333333333,384,9.0_0.0,Violin
258,9.0,,,,,,,44.0,,,,4,note_off,,95.0,44.0,95.0,1106,1.4401041666666665,384,9.0_0.0,Violin
259,2.0,,,,,,,50.0,,,,4,note_off,,105.0,50.0,105.0,2652,3.453125,384,2.0_0.0,Acoustic Grand Piano
260,2.0,,,,,,,45.0,,,,2,note_off,,103.0,45.0,103.0,2654,3.4557291666666665,384,2.0_0.0,Acoustic Grand Piano
261,2.0,,,,,,,65.0,,,,24,note_off,,106.0,65.0,106.0,2678,3.4869791666666665,384,2.0_0.0,Acoustic Grand Piano
262,2.0,,,,,,,60.0,,,,2,note_off,,100.0,60.0,100.0,2680,3.489583333333333,384,2.0_0.0,Acoustic Grand Piano
263,2.0,,,,,,,69.0,,,,28,note_off,,105.0,69.0,105.0,2708,3.5260416666666665,384,2.0_0.0,Acoustic Grand Piano
264,4.0,,,,,,,60.0,,,,70,note_off,,123.0,60.0,123.0,328,0.4270833333333333,384,4.0_0.0,Alto Sax
265,1.0,,,,,,,45.0,,,,10,note_off,,101.0,45.0,101.0,2062,2.684895833333333,384,1.0_0.0,Acoustic Bass
266,3.0,,,,,,,69.0,,,,0,note_off,,114.0,69.0,114.0,518,0.6744791666666666,384,3.0_0.0,Trumpet
267,2.0,,,,,,,38.0,,,,108,note_on,,108.0,38.0,108.0,2816,3.6666666666666665,384,2.0_0.0,Acoustic Grand Piano
268,1.0,,,,,,,38.0,,,,52,note_on,,127.0,38.0,127.0,2114,2.7526041666666665,384,1.0_0.0,Acoustic Bass
269,2.0,,,,,,,45.0,,,,96,note_on,,104.0,45.0,104.0,2912,3.7916666666666665,384,2.0_0.0,Acoustic Grand Piano
270,2.0,,,,,,,38.0,,,,26,note_off,,108.0,38.0,108.0,2938,3.825520833333333,384,2.0_0.0,Acoustic Grand Piano
271,1.0,,,,,,,38.0,,,,4,note_off,,127.0,38.0,127.0,2118,2.7578125,384,1.0_0.0,Acoustic Bass
272,1.0,,,,,,,45.0,,,,4,note_on,,101.0,45.0,101.0,2122,2.763020833333333,384,1.0_0.0,Acoustic Bass
273,2.0,,,,,,,45.0,,,,170,note_off,,104.0,45.0,104.0,3108,4.046875,384,2.0_1.0,Acoustic Grand Piano
274,2.0,,,,,,,47.0,,,,38,note_on,,99.0,47.0,99.0,3146,4.096354166666666,384,2.0_1.0,Acoustic Grand Piano
275,1.0,,,,,,,45.0,,,,14,note_off,,101.0,45.0,101.0,2136,2.78125,384,1.0_0.0,Acoustic Bass
276,1.0,,,,,,,47.0,,,,38,note_on,,104.0,47.0,104.0,2174,2.8307291666666665,384,1.0_0.0,Acoustic Bass
277,2.0,,,,,,,48.0,,,,98,note_on,,106.0,48.0,106.0,3244,4.223958333333333,384,2.0_1.0,Acoustic Grand Piano
278,1.0,,,,,,,47.0,,,,14,note_off,,104.0,47.0,104.0,2188,2.848958333333333,384,1.0_0.0,Acoustic Bass
279,2.0,,,,,,,47.0,,,,26,note_off,,99.0,47.0,99.0,3270,4.2578125,384,2.0_1.0,Acoustic Grand Piano
280,1.0,,,,,,,48.0,,,,2,note_on,,101.0,48.0,101.0,2190,2.8515625,384,1.0_0.0,Acoustic Bass
281,2.0,,,,,,,48.0,,,,136,note_off,,106.0,48.0,106.0,3406,4.434895833333333,384,2.0_1.0,Acoustic Grand Piano
282,2.0,,,,,,,50.0,,,,50,note_on,,100.0,50.0,100.0,3456,4.5,384,2.0_1.0,Acoustic Grand Piano
283,1.0,,,,,,,50.0,,,,36,note_on,,113.0,50.0,113.0,2226,2.8984375,384,1.0_0.0,Acoustic Bass
284,1.0,,,,,,,48.0,,,,14,note_off,,101.0,48.0,101.0,2240,2.9166666666666665,384,1.0_0.0,Acoustic Bass
285,2.0,,,,,,,50.0,,,,102,note_off,,100.0,50.0,100.0,3558,4.6328125,384,2.0_1.0,Acoustic Grand Piano
286,2.0,,,,,,,52.0,,,,0,note_on,,100.0,52.0,100.0,3558,4.6328125,384,2.0_1.0,Acoustic Grand Piano
287,9.0,,,,,,,44.0,,,,4,note_on,,106.0,44.0,106.0,1110,1.4453125,384,9.0_0.0,Violin
288,9.0,,,,,,,44.0,,,,4,note_off,,106.0,44.0,106.0,1114,1.4505208333333333,384,9.0_0.0,Violin
289,1.0,,,,,,,52.0,,,,30,note_on,,113.0,52.0,113.0,2270,2.9557291666666665,384,1.0_0.0,Acoustic Bass
290,1.0,,,,,,,50.0,,,,14,note_off,,113.0,50.0,113.0,2284,2.973958333333333,384,1.0_0.0,Acoustic Bass
291,,,,"[65, 16, 69, 18, 16, 1, 0, 0, 3, 20, 20, 23, 30, 22, 23, 20, 3, 2, 2, 2, 2, 3, 0, 0, 16, 31, 25, 25, 25, 25, 25, 0, 27, 10, 10, 10, 10, 26, 0, 0, 28, 23, 22, 22, 23, 28, 0, 3, 24, 8, 8, 8, 8, 8, 0, 0, 0, 31, 0, 0, 31, 31, 31, 31, 0, 0, 0, 0, 0, 0, 0, 71]",,,,,,,,44,sysex,,,,,-1,-0.0013020833333333333,384,nan_-1.0,
292,2.0,,,,,,,52.0,,,,94,note_off,,100.0,52.0,100.0,3652,4.755208333333333,384,2.0_1.0,Acoustic Grand Piano
293,2.0,,,,,,,48.0,,,,38,note_on,,98.0,48.0,98.0,3690,4.8046875,384,2.0_1.0,Acoustic Grand Piano
294,1.0,,,,,,,52.0,,,,10,note_off,,113.0,52.0,113.0,2294,2.9869791666666665,384,1.0_0.0,Acoustic Bass
295,1.0,,,,,,,48.0,,,,14,note_on,,100.0,48.0,100.0,2308,3.005208333333333,384,1.0_0.0,Acoustic Bass
296,2.0,,,,,,,48.0,,,,150,note_off,,98.0,48.0,98.0,3840,5.0,384,2.0_1.0,Acoustic Grand Piano
297,2.0,,,,,,,50.0,,,,18,note_on,,97.0,50.0,97.0,3858,5.0234375,384,2.0_1.0,Acoustic Grand Piano
298,1.0,,,,,,,50.0,,,,8,note_on,,103.0,50.0,103.0,2316,3.015625,384,1.0_0.0,Acoustic Bass
299,1.0,,,,,,,48.0,,,,14,note_off,,100.0,48.0,100.0,2330,3.0338541666666665,384,1.0_0.0,Acoustic Bass
300,9.0,,,,,,,44.0,,,,334,note_on,,101.0,44.0,101.0,1448,1.8854166666666665,384,9.0_0.0,Violin
301,9.0,,,,,,,44.0,,,,4,note_off,,101.0,44.0,101.0,1452,1.890625,384,9.0_0.0,Violin
302,3.0,,,,,,,71.0,,,,410,note_on,,127.0,71.0,127.0,928,1.2083333333333333,384,3.0_0.0,Trumpet
303,2.0,,,,,,,52.0,,,,6,note_on,,100.0,52.0,100.0,3864,5.03125,384,2.0_1.0,Acoustic Grand Piano
304,2.0,,,,,,,71.0,,,,2,note_on,,104.0,71.0,104.0,3866,5.033854166666666,384,2.0_1.0,Acoustic Grand Piano
305,4.0,,,,,,,62.0,,,,0,note_on,,123.0,62.0,123.0,328,0.4270833333333333,384,4.0_0.0,Alto Sax
306,2.0,,,,,,,62.0,,,,12,note_on,,103.0,62.0,103.0,3878,5.049479166666666,384,2.0_1.0,Acoustic Grand Piano
307,2.0,,,,,,,57.0,,,,2,note_on,,90.0,57.0,90.0,3880,5.052083333333333,384,2.0_1.0,Acoustic Grand Piano
308,2.0,,,,,,,67.0,,,,2,note_on,,102.0,67.0,102.0,3882,5.0546875,384,2.0_1.0,Acoustic Grand Piano
309,9.0,,,,,,,39.0,,,,14,note_on,,85.0,39.0,85.0,1466,1.9088541666666665,384,9.0_0.0,Violin
310,9.0,,,,,,,39.0,,,,4,note_off,,85.0,39.0,85.0,1470,1.9140625,384,9.0_0.0,Violin
311,9.0,,,,,,,44.0,,,,338,note_on,,92.0,44.0,92.0,1808,2.3541666666666665,384,9.0_0.0,Violin
312,9.0,,,,,,,44.0,,,,4,note_off,,92.0,44.0,92.0,1812,2.359375,384,9.0_0.0,Violin
313,2.0,,,,,,,62.0,,,,0,note_off,,103.0,62.0,103.0,3882,5.0546875,384,2.0_1.0,Acoustic Grand Piano
314,2.0,,,,,,,57.0,,,,14,note_off,,90.0,57.0,90.0,3896,5.072916666666666,384,2.0_1.0,Acoustic Grand Piano
315,2.0,,,,,,,67.0,,,,64,note_off,,102.0,67.0,102.0,3960,5.15625,384,2.0_1.0,Acoustic Grand Piano
316,2.0,,,,,,,71.0,,,,26,note_off,,104.0,71.0,104.0,3986,5.190104166666666,384,2.0_1.0,Acoustic Grand Piano
317,2.0,,,,,,,50.0,,,,52,note_off,,97.0,50.0,97.0,4038,5.2578125,384,2.0_1.0,Acoustic Grand Piano
318,2.0,,,,,,,52.0,,,,24,note_off,,100.0,52.0,100.0,4062,5.2890625,384,2.0_1.0,Acoustic Grand Piano
319,4.0,,,,,,,62.0,,,,34,note_off,,123.0,62.0,123.0,362,0.47135416666666663,384,4.0_0.0,Alto Sax
320,3.0,,,,,,,71.0,,,,14,note_off,,127.0,71.0,127.0,942,1.2265625,384,3.0_0.0,Trumpet
321,3.0,,,,,,,69.0,,,,2,note_on,,115.0,69.0,115.0,944,1.2291666666666665,384,3.0_0.0,Trumpet
322,4.0,,,,,,,60.0,,,,12,note_on,,109.0,60.0,109.0,374,0.48697916666666663,384,4.0_0.0,Alto Sax
323,9.0,,,,,,,39.0,,,,12,note_on,,90.0,39.0,90.0,1824,2.375,384,9.0_0.0,Violin
324,9.0,,,,,,,39.0,,,,4,note_off,,90.0,39.0,90.0,1828,2.380208333333333,384,9.0_0.0,Violin
325,2.0,,,,,,,60.0,,,,14,note_on,,103.0,60.0,103.0,4076,5.307291666666666,384,2.0_1.0,Acoustic Grand Piano
326,2.0,,,,,,,65.0,,,,0,note_on,,107.0,65.0,107.0,4076,5.307291666666666,384,2.0_1.0,Acoustic Grand Piano
327,2.0,,,,,,,69.0,,,,0,note_on,,105.0,69.0,105.0,4076,5.307291666666666,384,2.0_1.0,Acoustic Grand Piano
328,2.0,,,,,,,50.0,,,,14,note_on,,102.0,50.0,102.0,4090,5.325520833333333,384,2.0_1.0,Acoustic Grand Piano
329,2.0,,,,,,,55.0,,,,2,note_on,,98.0,55.0,98.0,4092,5.328125,384,2.0_1.0,Acoustic Grand Piano
330,2.0,,,,,,,65.0,,,,100,note_off,,107.0,65.0,107.0,4192,5.458333333333333,384,2.0_1.0,Acoustic Grand Piano
331,2.0,,,,,,,60.0,,,,14,note_off,,103.0,60.0,103.0,4206,5.4765625,384,2.0_1.0,Acoustic Grand Piano
332,2.0,,,,,,,69.0,,,,14,note_off,,105.0,69.0,105.0,4220,5.494791666666666,384,2.0_1.0,Acoustic Grand Piano
333,3.0,,,,,,,69.0,,,,4,note_off,,115.0,69.0,115.0,948,1.234375,384,3.0_0.0,Trumpet
334,2.0,,,,,,,55.0,,,,10,note_off,,98.0,55.0,98.0,4230,5.5078125,384,2.0_1.0,Acoustic Grand Piano
335,2.0,,,,,,,50.0,,,,0,note_off,,102.0,50.0,102.0,4230,5.5078125,384,2.0_1.0,Acoustic Grand Piano
336,4.0,,,,,,,60.0,,,,20,note_off,,109.0,60.0,109.0,394,0.5130208333333333,384,4.0_0.0,Alto Sax
337,1.0,,,,,,,50.0,,,,50,note_off,,103.0,50.0,103.0,2380,3.098958333333333,384,1.0_0.0,Acoustic Bass
338,1.0,,,,,,,52.0,,,,102,note_on,,125.0,52.0,125.0,2482,3.231770833333333,384,1.0_0.0,Acoustic Bass
339,2.0,,,,,,,52.0,,,,6,note_on,,105.0,52.0,105.0,4236,5.515625,384,2.0_1.0,Acoustic Grand Piano
340,9.0,,,,,,,44.0,,,,136,note_on,,108.0,44.0,108.0,1964,2.5572916666666665,384,9.0_0.0,Violin
341,9.0,,,,,,,44.0,,,,4,note_off,,108.0,44.0,108.0,1968,2.5625,384,9.0_0.0,Violin
342,1.0,,,,,,,52.0,,,,190,note_off,,125.0,52.0,125.0,2672,3.4791666666666665,384,1.0_0.0,Acoustic Bass
343,2.0,,,,,,,52.0,,,,102,note_off,,105.0,52.0,105.0,4338,5.6484375,384,2.0_1.0,Acoustic Grand Piano
344,1.0,,,,,,,52.0,,,,70,note_on,,127.0,52.0,127.0,2742,3.5703125,384,1.0_0.0,Acoustic Bass
345,2.0,,,,,,,52.0,,,,44,note_on,,100.0,52.0,100.0,4382,5.705729166666666,384,2.0_1.0,Acoustic Grand Piano
346,1.0,,,,,,,52.0,,,,156,note_off,,127.0,52.0,127.0,2898,3.7734375,384,1.0_0.0,Acoustic Bass
347,2.0,,,,,,,52.0,,,,32,note_off,,100.0,52.0,100.0,4414,5.747395833333333,384,2.0_1.0,Acoustic Grand Piano
348,9.0,,,,,,,44.0,,,,164,note_on,,101.0,44.0,101.0,2132,2.7760416666666665,384,9.0_0.0,Violin
349,9.0,,,,,,,44.0,,,,4,note_off,,101.0,44.0,101.0,2136,2.78125,384,9.0_0.0,Violin
350,1.0,,,,,,,52.0,,,,10,note_on,,113.0,52.0,113.0,2908,3.786458333333333,384,1.0_0.0,Acoustic Bass
351,2.0,,,,,,,52.0,,,,24,note_on,,100.0,52.0,100.0,4438,5.778645833333333,384,2.0_1.0,Acoustic Grand Piano
352,2.0,,,,,,,52.0,,,,124,note_off,,100.0,52.0,100.0,4562,5.940104166666666,384,2.0_1.0,Acoustic Grand Piano
353,1.0,,,,,,,52.0,,,,50,note_off,,113.0,52.0,113.0,2958,3.8515625,384,1.0_0.0,Acoustic Bass
354,9.0,,,,,,,44.0,,,,196,note_on,,97.0,44.0,97.0,2332,3.036458333333333,384,9.0_0.0,Violin
355,9.0,,,,,,,44.0,,,,4,note_off,,97.0,44.0,97.0,2336,3.0416666666666665,384,9.0_0.0,Violin
356,2.0,,,,,,,50.0,,,,12,note_on,,100.0,50.0,100.0,4574,5.955729166666666,384,2.0_1.0,Acoustic Grand Piano
357,1.0,,,,,,,50.0,,,,2,note_on,,121.0,50.0,121.0,2960,3.8541666666666665,384,1.0_0.0,Acoustic Bass
358,2.0,,,,,,,50.0,,,,126,note_off,,100.0,50.0,100.0,4700,6.119791666666666,384,2.0_1.0,Acoustic Grand Piano
359,1.0,,,,,,,50.0,,,,12,note_off,,121.0,50.0,121.0,2972,3.8697916666666665,384,1.0_0.0,Acoustic Bass
360,1.0,,,,,,,45.0,,,,98,note_on,,104.0,45.0,104.0,3070,3.997395833333333,384,1.0_0.0,Acoustic Bass
361,2.0,,,,,,,45.0,,,,16,note_on,,95.0,45.0,95.0,4716,6.140625,384,2.0_1.0,Acoustic Grand Piano
362,9.0,,,,,,,44.0,,,,84,note_on,,99.0,44.0,99.0,2420,3.1510416666666665,384,9.0_0.0,Violin
363,9.0,,,,,,,44.0,,,,4,note_off,,99.0,44.0,99.0,2424,3.15625,384,9.0_0.0,Violin
364,3.0,,,,,,,71.0,,,,422,note_on,,127.0,71.0,127.0,1370,1.7838541666666665,384,3.0_0.0,Trumpet
365,2.0,,,,,,,62.0,,,,12,note_on,,107.0,62.0,107.0,4728,6.15625,384,2.0_1.0,Acoustic Grand Piano
366,2.0,,,,,,,67.0,,,,0,note_on,,106.0,67.0,106.0,4728,6.15625,384,2.0_1.0,Acoustic Grand Piano
367,2.0,,,,,,,71.0,,,,2,note_on,,107.0,71.0,107.0,4730,6.158854166666666,384,2.0_1.0,Acoustic Grand Piano
368,4.0,,,,,,,62.0,,,,0,note_on,,120.0,62.0,120.0,394,0.5130208333333333,384,4.0_0.0,Alto Sax
369,2.0,,,,,,,52.0,,,,14,note_on,,102.0,52.0,102.0,4744,6.177083333333333,384,2.0_1.0,Acoustic Grand Piano
370,2.0,,,,,,,57.0,,,,2,note_on,,93.0,57.0,93.0,4746,6.1796875,384,2.0_1.0,Acoustic Grand Piano
371,9.0,,,,,,,39.0,,,,2,note_on,,85.0,39.0,85.0,2426,3.1588541666666665,384,9.0_0.0,Violin
372,9.0,,,,,,,39.0,,,,4,note_off,,85.0,39.0,85.0,2430,3.1640625,384,9.0_0.0,Violin
373,2.0,,,,,,,57.0,,,,218,note_off,,93.0,57.0,93.0,4964,6.463541666666666,384,2.0_1.0,Acoustic Grand Piano
374,9.0,,,,,,,44.0,,,,102,note_on,,108.0,44.0,108.0,2532,3.296875,384,9.0_0.0,Violin
375,9.0,,,,,,,44.0,,,,4,note_off,,108.0,44.0,108.0,2536,3.302083333333333,384,9.0_0.0,Violin
376,2.0,,,,,,,62.0,,,,6,note_off,,107.0,62.0,107.0,4970,6.471354166666666,384,2.0_1.0,Acoustic Grand Piano
377,2.0,,,,,,,52.0,,,,76,note_off,,102.0,52.0,102.0,5046,6.5703125,384,2.0_1.0,Acoustic Grand Piano
378,2.0,,,,,,,71.0,,,,0,note_off,,107.0,71.0,107.0,5046,6.5703125,384,2.0_1.0,Acoustic Grand Piano
379,2.0,,,,,,,67.0,,,,16,note_off,,106.0,67.0,106.0,5062,6.591145833333333,384,2.0_1.0,Acoustic Grand Piano
380,4.0,,,,,,,62.0,,,,126,note_off,,120.0,62.0,120.0,520,0.6770833333333333,384,4.0_0.0,Alto Sax
381,9.0,,,,,,,39.0,,,,48,note_on,,90.0,39.0,90.0,2584,3.364583333333333,384,9.0_0.0,Violin
382,2.0,,,,,,,60.0,,,,0,note_on,,101.0,60.0,101.0,5062,6.591145833333333,384,2.0_1.0,Acoustic Grand Piano
383,2.0,,,,,,,65.0,,,,0,note_on,,107.0,65.0,107.0,5062,6.591145833333333,384,2.0_1.0,Acoustic Grand Piano
384,2.0,,,,,,,69.0,,,,0,note_on,,102.0,69.0,102.0,5062,6.591145833333333,384,2.0_1.0,Acoustic Grand Piano
385,2.0,,,,,,,55.0,,,,2,note_on,,90.0,55.0,90.0,5064,6.59375,384,2.0_1.0,Acoustic Grand Piano
386,9.0,,,,,,,39.0,,,,2,note_off,,90.0,39.0,90.0,2586,3.3671875,384,9.0_0.0,Violin
387,2.0,,,,,,,50.0,,,,12,note_on,,103.0,50.0,103.0,5076,6.609375,384,2.0_1.0,Acoustic Grand Piano
388,3.0,,,,,,,71.0,,,,0,note_off,,127.0,71.0,127.0,1370,1.7838541666666665,384,3.0_0.0,Trumpet
389,3.0,,,,,,,69.0,,,,2,note_on,,115.0,69.0,115.0,1372,1.7864583333333333,384,3.0_0.0,Trumpet
390,4.0,,,,,,,60.0,,,,0,note_on,,112.0,60.0,112.0,520,0.6770833333333333,384,4.0_0.0,Alto Sax
391,2.0,,,,,,,55.0,,,,62,note_off,,90.0,55.0,90.0,5138,6.690104166666666,384,2.0_1.0,Acoustic Grand Piano
392,2.0,,,,,,,50.0,,,,26,note_off,,103.0,50.0,103.0,5164,6.723958333333333,384,2.0_1.0,Acoustic Grand Piano
393,2.0,,,,,,,45.0,,,,0,note_off,,95.0,45.0,95.0,5164,6.723958333333333,384,2.0_1.0,Acoustic Grand Piano
394,2.0,,,,,,,65.0,,,,28,note_off,,107.0,65.0,107.0,5192,6.760416666666666,384,2.0_1.0,Acoustic Grand Piano
395,2.0,,,,,,,60.0,,,,0,note_off,,101.0,60.0,101.0,5192,6.760416666666666,384,2.0_1.0,Acoustic Grand Piano
396,2.0,,,,,,,69.0,,,,28,note_off,,102.0,69.0,102.0,5220,6.796875,384,2.0_1.0,Acoustic Grand Piano
397,1.0,,,,,,,45.0,,,,8,note_off,,104.0,45.0,104.0,3078,4.0078125,384,1.0_1.0,Acoustic Bass
398,3.0,,,,,,,69.0,,,,38,note_off,,115.0,69.0,115.0,1410,1.8359375,384,3.0_0.0,Trumpet
399,4.0,,,,,,,60.0,,,,2,note_off,,112.0,60.0,112.0,522,0.6796875,384,4.0_0.0,Alto Sax
400,2.0,,,,,,,38.0,,,,162,note_on,,108.0,38.0,108.0,5382,7.0078125,384,2.0_1.0,Acoustic Grand Piano
401,1.0,,,,,,,38.0,,,,10,note_on,,120.0,38.0,120.0,3088,4.020833333333333,384,1.0_1.0,Acoustic Bass
402,9.0,,,,,,,44.0,,,,120,note_on,,99.0,44.0,99.0,2706,3.5234375,384,9.0_0.0,Violin
403,9.0,,,,,,,44.0,,,,4,note_off,,99.0,44.0,99.0,2710,3.528645833333333,384,9.0_0.0,Violin
404,1.0,,,,,,,38.0,,,,2,note_off,,120.0,38.0,120.0,3090,4.0234375,384,1.0_1.0,Acoustic Bass
405,1.0,,,,,,,45.0,,,,0,note_on,,104.0,45.0,104.0,3090,4.0234375,384,1.0_1.0,Acoustic Bass
406,2.0,,,,,,,45.0,,,,16,note_on,,106.0,45.0,106.0,5398,7.028645833333333,384,2.0_1.0,Acoustic Grand Piano
407,2.0,,,,,,,38.0,,,,16,note_off,,108.0,38.0,108.0,5414,7.049479166666666,384,2.0_1.0,Acoustic Grand Piano
408,2.0,,,,,,,45.0,,,,184,note_off,,106.0,45.0,106.0,5598,7.2890625,384,2.0_1.0,Acoustic Grand Piano
409,1.0,,,,,,,45.0,,,,8,note_off,,104.0,45.0,104.0,3098,4.033854166666666,384,1.0_1.0,Acoustic Bass
410,1.0,,,,,,,47.0,,,,26,note_on,,106.0,47.0,106.0,3124,4.067708333333333,384,1.0_1.0,Acoustic Bass
411,2.0,,,,,,,47.0,,,,8,note_on,,94.0,47.0,94.0,5606,7.299479166666666,384,2.0_1.0,Acoustic Grand Piano
412,9.0,,,,,,,44.0,,,,92,note_on,,97.0,44.0,97.0,2802,3.6484375,384,9.0_0.0,Violin
413,9.0,,,,,,,44.0,,,,4,note_off,,97.0,44.0,97.0,2806,3.653645833333333,384,9.0_0.0,Violin
414,9.0,,,,,,,46.0,,,,12,note_on,,85.0,46.0,85.0,2818,3.669270833333333,384,9.0_0.0,Violin
415,9.0,,,,,,,46.0,,,,4,note_off,,85.0,46.0,85.0,2822,3.6744791666666665,384,9.0_0.0,Violin
416,1.0,,,,,,,47.0,,,,6,note_off,,106.0,47.0,106.0,3130,4.075520833333333,384,1.0_1.0,Acoustic Bass
417,1.0,,,,,,,48.0,,,,14,note_on,,109.0,48.0,109.0,3144,4.09375,384,1.0_1.0,Acoustic Bass
418,2.0,,,,,,,47.0,,,,22,note_off,,94.0,47.0,94.0,5628,7.328125,384,2.0_1.0,Acoustic Grand Piano
419,2.0,,,,,,,48.0,,,,2,note_on,,89.0,48.0,89.0,5630,7.330729166666666,384,2.0_1.0,Acoustic Grand Piano
420,1.0,,,,,,,50.0,,,,202,note_on,,113.0,50.0,113.0,3346,4.356770833333333,384,1.0_1.0,Acoustic Bass
421,2.0,,,,,,,48.0,,,,10,note_off,,89.0,48.0,89.0,5640,7.34375,384,2.0_1.0,Acoustic Grand Piano
422,2.0,,,,,,,50.0,,,,2,note_on,,90.0,50.0,90.0,5642,7.346354166666666,384,2.0_1.0,Acoustic Grand Piano
423,1.0,,,,,,,48.0,,,,14,note_off,,109.0,48.0,109.0,3360,4.375,384,1.0_1.0,Acoustic Bass
424,9.0,,,,,,,44.0,,,,118,note_on,,97.0,44.0,97.0,2940,3.828125,384,9.0_0.0,Violin
425,9.0,,,,,,,44.0,,,,4,note_off,,97.0,44.0,97.0,2944,3.833333333333333,384,9.0_0.0,Violin
426,1.0,,,,,,,52.0,,,,4,note_on,,110.0,52.0,110.0,3364,4.380208333333333,384,1.0_1.0,Acoustic Bass
427,2.0,,,,,,,52.0,,,,12,note_on,,108.0,52.0,108.0,5654,7.361979166666666,384,2.0_1.0,Acoustic Grand Piano
428,1.0,,,,,,,50.0,,,,14,note_off,,113.0,50.0,113.0,3378,4.3984375,384,1.0_1.0,Acoustic Bass
429,2.0,,,,,,,50.0,,,,14,note_off,,90.0,50.0,90.0,5668,7.380208333333333,384,2.0_1.0,Acoustic Grand Piano
430,1.0,,,,,,,52.0,,,,186,note_off,,110.0,52.0,110.0,3564,4.640625,384,1.0_1.0,Acoustic Bass
431,1.0,,,,,,,48.0,,,,14,note_on,,102.0,48.0,102.0,3578,4.658854166666666,384,1.0_1.0,Acoustic Bass
432,2.0,,,,,,,48.0,,,,12,note_on,,102.0,48.0,102.0,5680,7.395833333333333,384,2.0_1.0,Acoustic Grand Piano
433,2.0,,,,,,,52.0,,,,14,note_off,,108.0,52.0,108.0,5694,7.4140625,384,2.0_1.0,Acoustic Grand Piano
434,1.0,,,,,,,50.0,,,,124,note_on,,101.0,50.0,101.0,3702,4.8203125,384,1.0_1.0,Acoustic Bass
435,2.0,,,,,,,48.0,,,,12,note_off,,102.0,48.0,102.0,5706,7.4296875,384,2.0_1.0,Acoustic Grand Piano
436,1.0,,,,,,,48.0,,,,2,note_off,,102.0,48.0,102.0,3704,4.822916666666666,384,1.0_1.0,Acoustic Bass
437,2.0,,,,,,,50.0,,,,2,note_on,,96.0,50.0,96.0,5708,7.432291666666666,384,2.0_1.0,Acoustic Grand Piano
438,9.0,,,,,,,44.0,,,,344,note_on,,108.0,44.0,108.0,3288,4.28125,384,9.0_1.0,Violin
439,9.0,,,,,,,44.0,,,,4,note_off,,108.0,44.0,108.0,3292,4.286458333333333,384,9.0_1.0,Violin
440,2.0,,,,,,,52.0,,,,396,note_on,,102.0,52.0,102.0,6104,7.947916666666666,384,2.0_1.0,Acoustic Grand Piano
441,2.0,,,,,,,57.0,,,,0,note_on,,90.0,57.0,90.0,6104,7.947916666666666,384,2.0_1.0,Acoustic Grand Piano
442,4.0,,,,,,,67.0,,,,10,note_on,,118.0,67.0,118.0,532,0.6927083333333333,384,4.0_0.0,Alto Sax
443,2.0,,,,,,,62.0,,,,4,note_on,,103.0,62.0,103.0,6108,7.953125,384,2.0_1.0,Acoustic Grand Piano
444,2.0,,,,,,,67.0,,,,0,note_on,,106.0,67.0,106.0,6108,7.953125,384,2.0_1.0,Acoustic Grand Piano
445,3.0,,,,,,,71.0,,,,0,note_on,,127.0,71.0,127.0,1410,1.8359375,384,3.0_0.0,Trumpet
446,2.0,,,,,,,71.0,,,,2,note_on,,106.0,71.0,106.0,6110,7.955729166666666,384,2.0_1.0,Acoustic Grand Piano
447,9.0,,,,,,,39.0,,,,30,note_on,,85.0,39.0,85.0,3322,4.325520833333333,384,9.0_1.0,Violin
448,9.0,,,,,,,39.0,,,,4,note_off,,85.0,39.0,85.0,3326,4.330729166666666,384,9.0_1.0,Violin
449,9.0,,,,,,,44.0,,,,284,note_on,,99.0,44.0,99.0,3610,4.700520833333333,384,9.0_1.0,Violin
450,9.0,,,,,,,44.0,,,,4,note_off,,99.0,44.0,99.0,3614,4.705729166666666,384,9.0_1.0,Violin
451,2.0,,,,,,,62.0,,,,54,note_off,,103.0,62.0,103.0,6164,8.026041666666666,384,2.0_2.0,Acoustic Grand Piano
452,2.0,,,,,,,57.0,,,,0,note_off,,90.0,57.0,90.0,6164,8.026041666666666,384,2.0_2.0,Acoustic Grand Piano
453,2.0,,,,,,,67.0,,,,38,note_off,,106.0,67.0,106.0,6202,8.075520833333332,384,2.0_2.0,Acoustic Grand Piano
454,2.0,,,,,,,71.0,,,,26,note_off,,106.0,71.0,106.0,6228,8.109375,384,2.0_2.0,Acoustic Grand Piano
455,3.0,,,,,,,71.0,,,,154,note_off,,127.0,71.0,127.0,1564,2.036458333333333,384,3.0_0.0,Trumpet
456,2.0,,,,,,,65.0,,,,6,note_on,,106.0,65.0,106.0,6234,8.1171875,384,2.0_2.0,Acoustic Grand Piano
457,2.0,,,,,,,60.0,,,,4,note_on,,102.0,60.0,102.0,6238,8.122395833333332,384,2.0_2.0,Acoustic Grand Piano
458,2.0,,,,,,,69.0,,,,0,note_on,,105.0,69.0,105.0,6238,8.122395833333332,384,2.0_2.0,Acoustic Grand Piano
459,2.0,,,,,,,55.0,,,,14,note_on,,104.0,55.0,104.0,6252,8.140625,384,2.0_2.0,Acoustic Grand Piano
460,4.0,,,,,,,67.0,,,,0,note_off,,118.0,67.0,118.0,532,0.6927083333333333,384,4.0_0.0,Alto Sax
461,3.0,,,,,,,69.0,,,,4,note_on,,116.0,69.0,116.0,1568,2.0416666666666665,384,3.0_0.0,Trumpet
462,9.0,,,,,,,39.0,,,,8,note_on,,90.0,39.0,90.0,3622,4.716145833333333,384,9.0_1.0,Violin
463,9.0,,,,,,,39.0,,,,4,note_off,,90.0,39.0,90.0,3626,4.721354166666666,384,9.0_1.0,Violin
464,2.0,,,,,,,52.0,,,,12,note_off,,102.0,52.0,102.0,6264,8.15625,384,2.0_2.0,Acoustic Grand Piano
465,4.0,,,,,,,65.0,,,,12,note_on,,116.0,65.0,116.0,544,0.7083333333333333,384,4.0_0.0,Alto Sax
466,2.0,,,,,,,50.0,,,,38,note_off,,96.0,50.0,96.0,6302,8.205729166666666,384,2.0_2.0,Acoustic Grand Piano
467,2.0,,,,,,,55.0,,,,2,note_off,,104.0,55.0,104.0,6304,8.208333333333332,384,2.0_2.0,Acoustic Grand Piano
468,2.0,,,,,,,60.0,,,,14,note_off,,102.0,60.0,102.0,6318,8.2265625,384,2.0_2.0,Acoustic Grand Piano
469,2.0,,,,,,,65.0,,,,0,note_off,,106.0,65.0,106.0,6318,8.2265625,384,2.0_2.0,Acoustic Grand Piano
470,2.0,,,,,,,69.0,,,,14,note_off,,105.0,69.0,105.0,6332,8.244791666666666,384,2.0_2.0,Acoustic Grand Piano
471,3.0,,,,,,,69.0,,,,86,note_off,,116.0,69.0,116.0,1654,2.153645833333333,384,3.0_0.0,Trumpet
472,4.0,,,,,,,65.0,,,,12,note_off,,116.0,65.0,116.0,556,0.7239583333333333,384,4.0_0.0,Alto Sax
473,1.0,,,,,,,50.0,,,,52,note_off,,101.0,50.0,101.0,3756,4.890625,384,1.0_1.0,Acoustic Bass
474,2.0,,,,,,,38.0,,,,88,note_on,,109.0,38.0,109.0,6420,8.359375,384,2.0_2.0,Acoustic Grand Piano
475,1.0,,,,,,,38.0,,,,26,note_on,,125.0,38.0,125.0,3782,4.924479166666666,384,1.0_1.0,Acoustic Bass
476,1.0,,,,,,,38.0,,,,114,note_off,,125.0,38.0,125.0,3896,5.072916666666666,384,1.0_1.0,Acoustic Bass
477,9.0,,,,,,,44.0,,,,2,note_on,,101.0,44.0,101.0,3628,4.723958333333333,384,9.0_1.0,Violin
478,9.0,,,,,,,44.0,,,,4,note_off,,101.0,44.0,101.0,3632,4.729166666666666,384,9.0_1.0,Violin
479,2.0,,,,,,,45.0,,,,6,note_on,,106.0,45.0,106.0,6426,8.3671875,384,2.0_2.0,Acoustic Grand Piano
480,1.0,,,,,,,45.0,,,,2,note_on,,104.0,45.0,104.0,3898,5.075520833333333,384,1.0_1.0,Acoustic Bass
481,2.0,,,,,,,38.0,,,,12,note_off,,109.0,38.0,109.0,6438,8.3828125,384,2.0_2.0,Acoustic Grand Piano
482,2.0,,,,,,,45.0,,,,188,note_off,,106.0,45.0,106.0,6626,8.627604166666666,384,2.0_2.0,Acoustic Grand Piano
483,1.0,,,,,,,45.0,,,,2,note_off,,104.0,45.0,104.0,3900,5.078125,384,1.0_1.0,Acoustic Bass
484,2.0,,,,,,,47.0,,,,24,note_on,,98.0,47.0,98.0,6650,8.658854166666666,384,2.0_2.0,Acoustic Grand Piano
485,1.0,,,,,,,47.0,,,,4,note_on,,106.0,47.0,106.0,3904,5.083333333333333,384,1.0_1.0,Acoustic Bass
486,1.0,,,,,,,47.0,,,,126,note_off,,106.0,47.0,106.0,4030,5.247395833333333,384,1.0_1.0,Acoustic Bass
487,2.0,,,,,,,48.0,,,,22,note_on,,99.0,48.0,99.0,6672,8.6875,384,2.0_2.0,Acoustic Grand Piano
488,1.0,,,,,,,48.0,,,,4,note_on,,106.0,48.0,106.0,4034,5.252604166666666,384,1.0_1.0,Acoustic Bass
489,2.0,,,,,,,47.0,,,,22,note_off,,98.0,47.0,98.0,6694,8.716145833333332,384,2.0_2.0,Acoustic Grand Piano
490,2.0,,,,,,,48.0,,,,162,note_off,,99.0,48.0,99.0,6856,8.927083333333332,384,2.0_2.0,Acoustic Grand Piano
491,2.0,,,,,,,50.0,,,,26,note_on,,94.0,50.0,94.0,6882,8.9609375,384,2.0_2.0,Acoustic Grand Piano
492,1.0,,,,,,,50.0,,,,6,note_on,,114.0,50.0,114.0,4040,5.260416666666666,384,1.0_1.0,Acoustic Bass
493,1.0,,,,,,,48.0,,,,24,note_off,,106.0,48.0,106.0,4064,5.291666666666666,384,1.0_1.0,Acoustic Bass
494,2.0,,,,,,,52.0,,,,124,note_on,,91.0,52.0,91.0,7006,9.122395833333332,384,2.0_2.0,Acoustic Grand Piano
495,1.0,,,,,,,52.0,,,,6,note_on,,106.0,52.0,106.0,4070,5.299479166666666,384,1.0_1.0,Acoustic Bass
496,2.0,,,,,,,50.0,,,,8,note_off,,94.0,50.0,94.0,7014,9.1328125,384,2.0_2.0,Acoustic Grand Piano
497,1.0,,,,,,,50.0,,,,4,note_off,,114.0,50.0,114.0,4074,5.3046875,384,1.0_1.0,Acoustic Bass
498,9.0,,,,,,,44.0,,,,24,note_on,,97.0,44.0,97.0,3656,4.760416666666666,384,9.0_1.0,Violin
499,9.0,,,,,,,44.0,,,,4,note_off,,97.0,44.0,97.0,3660,4.765625,384,9.0_1.0,Violin
500,1.0,,,,,,,52.0,,,,150,note_off,,106.0,52.0,106.0,4224,5.5,384,1.0_1.0,Acoustic Bass
501,1.0,,,,,,,48.0,,,,26,note_on,,95.0,48.0,95.0,4250,5.533854166666666,384,1.0_1.0,Acoustic Bass
502,2.0,,,,,,,52.0,,,,18,note_off,,91.0,52.0,91.0,7032,9.15625,384,2.0_2.0,Acoustic Grand Piano
503,2.0,,,,,,,48.0,,,,4,note_on,,102.0,48.0,102.0,7036,9.161458333333332,384,2.0_2.0,Acoustic Grand Piano
504,9.0,,,,,,,46.0,,,,16,note_on,,83.0,46.0,83.0,3676,4.786458333333333,384,9.0_1.0,Violin
505,9.0,,,,,,,46.0,,,,4,note_off,,83.0,46.0,83.0,3680,4.791666666666666,384,9.0_1.0,Violin
506,1.0,,,,,,,48.0,,,,84,note_off,,95.0,48.0,95.0,4334,5.643229166666666,384,1.0_1.0,Acoustic Bass
507,1.0,,,,,,,50.0,,,,28,note_on,,104.0,50.0,104.0,4362,5.6796875,384,1.0_1.0,Acoustic Bass
508,2.0,,,,,,,48.0,,,,20,note_off,,102.0,48.0,102.0,7056,9.1875,384,2.0_2.0,Acoustic Grand Piano
509,2.0,,,,,,,50.0,,,,14,note_on,,107.0,50.0,107.0,7070,9.205729166666666,384,2.0_2.0,Acoustic Grand Piano
510,2.0,,,,,,,50.0,,,,148,note_off,,107.0,50.0,107.0,7218,9.3984375,384,2.0_2.0,Acoustic Grand Piano
511,1.0,,,,,,,50.0,,,,6,note_off,,104.0,50.0,104.0,4368,5.6875,384,1.0_1.0,Acoustic Bass
512,1.0,,,,,,,45.0,,,,52,note_on,,102.0,45.0,102.0,4420,5.755208333333333,384,1.0_1.0,Acoustic Bass
513,2.0,,,,,,,45.0,,,,32,note_on,,101.0,45.0,101.0,7250,9.440104166666666,384,2.0_2.0,Acoustic Grand Piano
514,9.0,,,,,,,44.0,,,,164,note_on,,92.0,44.0,92.0,3844,5.005208333333333,384,9.0_1.0,Violin
515,9.0,,,,,,,44.0,,,,4,note_off,,92.0,44.0,92.0,3848,5.010416666666666,384,9.0_1.0,Violin
516,9.0,,,,,,,46.0,,,,186,note_on,,74.0,46.0,74.0,4034,5.252604166666666,384,9.0_1.0,Violin
517,9.0,,,,,,,46.0,,,,4,note_off,,74.0,46.0,74.0,4038,5.2578125,384,9.0_1.0,Violin
518,4.0,,,,,,,67.0,,,,148,note_on,,118.0,67.0,118.0,704,0.9166666666666666,384,4.0_0.0,Alto Sax
519,2.0,,,,,,,67.0,,,,16,note_on,,104.0,67.0,104.0,7266,9.4609375,384,2.0_2.0,Acoustic Grand Piano
520,2.0,,,,,,,52.0,,,,2,note_on,,101.0,52.0,101.0,7268,9.463541666666666,384,2.0_2.0,Acoustic Grand Piano
521,2.0,,,,,,,62.0,,,,0,note_on,,104.0,62.0,104.0,7268,9.463541666666666,384,2.0_2.0,Acoustic Grand Piano
522,2.0,,,,,,,71.0,,,,0,note_on,,105.0,71.0,105.0,7268,9.463541666666666,384,2.0_2.0,Acoustic Grand Piano
523,2.0,,,,,,,57.0,,,,14,note_on,,90.0,57.0,90.0,7282,9.481770833333332,384,2.0_2.0,Acoustic Grand Piano
524,3.0,,,,,,,71.0,,,,20,note_on,,127.0,71.0,127.0,1674,2.1796875,384,3.0_0.0,Trumpet
525,9.0,,,,,,,39.0,,,,32,note_on,,85.0,39.0,85.0,4070,5.299479166666666,384,9.0_1.0,Violin
526,9.0,,,,,,,39.0,,,,4,note_off,,85.0,39.0,85.0,4074,5.3046875,384,9.0_1.0,Violin
527,2.0,,,,,,,57.0,,,,296,note_off,,90.0,57.0,90.0,7578,9.8671875,384,2.0_2.0,Acoustic Grand Piano
528,9.0,,,,,,,44.0,,,,8,note_on,,108.0,44.0,108.0,4082,5.315104166666666,384,9.0_1.0,Violin
529,9.0,,,,,,,44.0,,,,4,note_off,,108.0,44.0,108.0,4086,5.3203125,384,9.0_1.0,Violin
530,2.0,,,,,,,62.0,,,,2,note_off,,104.0,62.0,104.0,7580,9.869791666666666,384,2.0_2.0,Acoustic Grand Piano
531,2.0,,,,,,,67.0,,,,66,note_off,,104.0,67.0,104.0,7646,9.955729166666666,384,2.0_2.0,Acoustic Grand Piano
532,2.0,,,,,,,52.0,,,,26,note_off,,101.0,52.0,101.0,7672,9.989583333333332,384,2.0_2.0,Acoustic Grand Piano
533,2.0,,,,,,,71.0,,,,14,note_off,,105.0,71.0,105.0,7686,10.0078125,384,2.0_2.0,Acoustic Grand Piano
534,4.0,,,,,,,67.0,,,,128,note_off,,118.0,67.0,118.0,832,1.0833333333333333,384,4.0_0.0,Alto Sax
535,2.0,,,,,,,65.0,,,,10,note_on,,106.0,65.0,106.0,7696,10.020833333333332,384,2.0_2.0,Acoustic Grand Piano
536,2.0,,,,,,,69.0,,,,0,note_on,,105.0,69.0,105.0,7696,10.020833333333332,384,2.0_2.0,Acoustic Grand Piano
537,2.0,,,,,,,60.0,,,,2,note_on,,106.0,60.0,106.0,7698,10.0234375,384,2.0_2.0,Acoustic Grand Piano
538,2.0,,,,,,,55.0,,,,16,note_on,,95.0,55.0,95.0,7714,10.044270833333332,384,2.0_2.0,Acoustic Grand Piano
539,2.0,,,,,,,50.0,,,,12,note_on,,102.0,50.0,102.0,7726,10.059895833333332,384,2.0_2.0,Acoustic Grand Piano
540,3.0,,,,,,,71.0,,,,8,note_off,,127.0,71.0,127.0,1682,2.1901041666666665,384,3.0_0.0,Trumpet
541,3.0,,,,,,,69.0,,,,2,note_on,,116.0,69.0,116.0,1684,2.192708333333333,384,3.0_0.0,Trumpet
542,9.0,,,,,,,39.0,,,,2,note_on,,90.0,39.0,90.0,4088,5.322916666666666,384,9.0_1.0,Violin
543,9.0,,,,,,,39.0,,,,4,note_off,,90.0,39.0,90.0,4092,5.328125,384,9.0_1.0,Violin
544,4.0,,,,,,,65.0,,,,12,note_on,,116.0,65.0,116.0,844,1.0989583333333333,384,4.0_0.0,Alto Sax
545,2.0,,,,,,,45.0,,,,12,note_off,,101.0,45.0,101.0,7738,10.075520833333332,384,2.0_2.0,Acoustic Grand Piano
546,2.0,,,,,,,55.0,,,,26,note_off,,95.0,55.0,95.0,7764,10.109375,384,2.0_2.0,Acoustic Grand Piano
547,2.0,,,,,,,50.0,,,,14,note_off,,102.0,50.0,102.0,7778,10.127604166666666,384,2.0_2.0,Acoustic Grand Piano
548,2.0,,,,,,,60.0,,,,0,note_off,,106.0,60.0,106.0,7778,10.127604166666666,384,2.0_2.0,Acoustic Grand Piano
549,2.0,,,,,,,65.0,,,,14,note_off,,106.0,65.0,106.0,7792,10.145833333333332,384,2.0_2.0,Acoustic Grand Piano
550,2.0,,,,,,,69.0,,,,2,note_off,,105.0,69.0,105.0,7794,10.1484375,384,2.0_2.0,Acoustic Grand Piano
551,3.0,,,,,,,69.0,,,,70,note_off,,116.0,69.0,116.0,1754,2.2838541666666665,384,3.0_0.0,Trumpet
552,1.0,,,,,,,45.0,,,,16,note_off,,102.0,45.0,102.0,4436,5.776041666666666,384,1.0_1.0,Acoustic Bass
553,4.0,,,,,,,65.0,,,,24,note_off,,116.0,65.0,116.0,868,1.1302083333333333,384,4.0_0.0,Alto Sax
554,,,,"[126, 127, 9, 1]",,,,,,,,1299,sysex,,,,,-1,-0.0013020833333333333,384,nan_-1.0,
555,,,,"[65, 16, 66, 18, 64, 0, 127, 127, 66]",,,,,,,,78,sysex,,,,,-1,-0.0013020833333333333,384,nan_-1.0,
556,,,,,,,,,,,,8,end_of_track,,,,,-1,-0.0013020833333333333,384,nan_-1.0,
